Picked up JAVA_TOOL_OPTIONS: -Duser.home=<analyser-checkout>/.local-evidence/coldstart-v2-2026-09-20/preflight-supported/java-home -Djava.io.tmpdir=<analyser-checkout>/.local-evidence/coldstart-v2-2026-09-20/preflight-supported/tmp
[INFO] Scanning for projects...
[INFO] Downloading from central: https://repo.maven.apache.org/maven2/com/telamin/fluxtion/fluxtion-bom/1.0.71/fluxtion-bom-1.0.71.pom
[INFO] Downloading from repsy-fluxtion-public: https://repo.repsy.io/mvn/fluxtion/fluxtion-public/com/telamin/fluxtion/fluxtion-bom/1.0.71/fluxtion-bom-1.0.71.pom
[INFO] Downloaded from repsy-fluxtion-public: https://repo.repsy.io/mvn/fluxtion/fluxtion-public/com/telamin/fluxtion/fluxtion-bom/1.0.71/fluxtion-bom-1.0.71.pom (4.5 kB at 3.7 kB/s)
[INFO]
[INFO] ---------------------< com.acme:preview-preflight >---------------------
[INFO] Building preview-preflight 1.0.0-SNAPSHOT
[INFO]   from pom.xml
[INFO] --------------------------------[ jar ]---------------------------------
[INFO] Downloading from central: https://repo.maven.apache.org/maven2/org/apache/maven/plugins/maven-resources-plugin/3.3.1/maven-resources-plugin-3.3.1.pom
[INFO] Downloaded from central: https://repo.maven.apache.org/maven2/org/apache/maven/plugins/maven-resources-plugin/3.3.1/maven-resources-plugin-3.3.1.pom (8.2 kB at 181 kB/s)
[INFO] Downloading from central: https://repo.maven.apache.org/maven2/org/apache/maven/plugins/maven-plugins/39/maven-plugins-39.pom
[INFO] Downloaded from central: https://repo.maven.apache.org/maven2/org/apache/maven/plugins/maven-plugins/39/maven-plugins-39.pom (8.1 kB at 219 kB/s)
[INFO] Downloading from central: https://repo.maven.apache.org/maven2/org/apache/maven/maven-parent/39/maven-parent-39.pom
[INFO] Downloaded from central: https://repo.maven.apache.org/maven2/org/apache/maven/maven-parent/39/maven-parent-39.pom (48 kB at 959 kB/s)
[INFO] Downloading from central: https://repo.maven.apache.org/maven2/org/apache/apache/29/apache-29.pom
[INFO] Downloaded from central: https://repo.maven.apache.org/maven2/org/apache/apache/29/apache-29.pom (21 kB at 531 kB/s)
[INFO] Downloading from central: https://repo.maven.apache.org/maven2/org/apache/maven/plugins/maven-resources-plugin/3.3.1/maven-resources-plugin-3.3.1.jar
[INFO] Downloaded from central: https://repo.maven.apache.org/maven2/org/apache/maven/plugins/maven-resources-plugin/3.3.1/maven-resources-plugin-3.3.1.jar (31 kB at 814 kB/s)
[INFO] Downloading from central: https://repo.maven.apache.org/maven2/org/apache/maven/plugins/maven-compiler-plugin/3.13.0/maven-compiler-plugin-3.13.0.pom
[INFO] Downloaded from central: https://repo.maven.apache.org/maven2/org/apache/maven/plugins/maven-compiler-plugin/3.13.0/maven-compiler-plugin-3.13.0.pom (10 kB at 183 kB/s)
[INFO] Downloading from central: https://repo.maven.apache.org/maven2/org/apache/maven/plugins/maven-plugins/41/maven-plugins-41.pom
[INFO] Downloaded from central: https://repo.maven.apache.org/maven2/org/apache/maven/plugins/maven-plugins/41/maven-plugins-41.pom (7.4 kB at 184 kB/s)
[INFO] Downloading from central: https://repo.maven.apache.org/maven2/org/apache/maven/maven-parent/41/maven-parent-41.pom
[INFO] Downloaded from central: https://repo.maven.apache.org/maven2/org/apache/maven/maven-parent/41/maven-parent-41.pom (50 kB at 733 kB/s)
[INFO] Downloading from central: https://repo.maven.apache.org/maven2/org/apache/apache/31/apache-31.pom
[INFO] Downloaded from central: https://repo.maven.apache.org/maven2/org/apache/apache/31/apache-31.pom (24 kB at 603 kB/s)
[INFO] Downloading from central: https://repo.maven.apache.org/maven2/org/apache/maven/plugins/maven-compiler-plugin/3.13.0/maven-compiler-plugin-3.13.0.jar
[INFO] Downloaded from central: https://repo.maven.apache.org/maven2/org/apache/maven/plugins/maven-compiler-plugin/3.13.0/maven-compiler-plugin-3.13.0.jar (83 kB at 1.8 MB/s)
[INFO] Downloading from central: https://repo.maven.apache.org/maven2/org/apache/maven/plugins/maven-surefire-plugin/3.2.5/maven-surefire-plugin-3.2.5.pom
[INFO] Downloaded from central: https://repo.maven.apache.org/maven2/org/apache/maven/plugins/maven-surefire-plugin/3.2.5/maven-surefire-plugin-3.2.5.pom (5.3 kB at 109 kB/s)
[INFO] Downloading from central: https://repo.maven.apache.org/maven2/org/apache/maven/surefire/surefire/3.2.5/surefire-3.2.5.pom
[INFO] Downloaded from central: https://repo.maven.apache.org/maven2/org/apache/maven/surefire/surefire/3.2.5/surefire-3.2.5.pom (22 kB at 523 kB/s)
[INFO] Downloading from central: https://repo.maven.apache.org/maven2/org/junit/junit-bom/5.9.3/junit-bom-5.9.3.pom
[INFO] Downloaded from central: https://repo.maven.apache.org/maven2/org/junit/junit-bom/5.9.3/junit-bom-5.9.3.pom (5.6 kB at 141 kB/s)
[INFO] Downloading from central: https://repo.maven.apache.org/maven2/org/apache/maven/plugins/maven-surefire-plugin/3.2.5/maven-surefire-plugin-3.2.5.jar
[INFO] Downloaded from central: https://repo.maven.apache.org/maven2/org/apache/maven/plugins/maven-surefire-plugin/3.2.5/maven-surefire-plugin-3.2.5.jar (45 kB at 1.0 MB/s)
[INFO] Downloading from central: https://repo.maven.apache.org/maven2/org/apache/maven/plugins/maven-jar-plugin/3.4.1/maven-jar-plugin-3.4.1.pom
[INFO] Downloaded from central: https://repo.maven.apache.org/maven2/org/apache/maven/plugins/maven-jar-plugin/3.4.1/maven-jar-plugin-3.4.1.pom (7.8 kB at 217 kB/s)
[INFO] Downloading from central: https://repo.maven.apache.org/maven2/org/apache/maven/plugins/maven-plugins/42/maven-plugins-42.pom
[INFO] Downloaded from central: https://repo.maven.apache.org/maven2/org/apache/maven/plugins/maven-plugins/42/maven-plugins-42.pom (7.7 kB at 226 kB/s)
[INFO] Downloading from central: https://repo.maven.apache.org/maven2/org/apache/maven/maven-parent/42/maven-parent-42.pom
[INFO] Downloaded from central: https://repo.maven.apache.org/maven2/org/apache/maven/maven-parent/42/maven-parent-42.pom (50 kB at 1.3 MB/s)
[INFO] Downloading from central: https://repo.maven.apache.org/maven2/org/apache/apache/32/apache-32.pom
[INFO] Downloaded from central: https://repo.maven.apache.org/maven2/org/apache/apache/32/apache-32.pom (24 kB at 336 kB/s)
[INFO] Downloading from central: https://repo.maven.apache.org/maven2/org/junit/junit-bom/5.10.2/junit-bom-5.10.2.pom
[INFO] Downloaded from central: https://repo.maven.apache.org/maven2/org/junit/junit-bom/5.10.2/junit-bom-5.10.2.pom (5.6 kB at 145 kB/s)
[INFO] Downloading from central: https://repo.maven.apache.org/maven2/org/apache/maven/plugins/maven-jar-plugin/3.4.1/maven-jar-plugin-3.4.1.jar
[INFO] Downloaded from central: https://repo.maven.apache.org/maven2/org/apache/maven/plugins/maven-jar-plugin/3.4.1/maven-jar-plugin-3.4.1.jar (34 kB at 866 kB/s)
[INFO] Downloading from central: https://repo.maven.apache.org/maven2/org/apache/maven/plugins/maven-shade-plugin/3.6.0/maven-shade-plugin-3.6.0.pom
[INFO] Downloaded from central: https://repo.maven.apache.org/maven2/org/apache/maven/plugins/maven-shade-plugin/3.6.0/maven-shade-plugin-3.6.0.pom (12 kB at 323 kB/s)
[INFO] Downloading from central: https://repo.maven.apache.org/maven2/org/apache/maven/plugins/maven-shade-plugin/3.6.0/maven-shade-plugin-3.6.0.jar
[INFO] Downloaded from central: https://repo.maven.apache.org/maven2/org/apache/maven/plugins/maven-shade-plugin/3.6.0/maven-shade-plugin-3.6.0.jar (150 kB at 3.6 MB/s)
[INFO] Downloading from central: https://repo.maven.apache.org/maven2/com/telamin/mongoose/1.0.29/mongoose-1.0.29.pom
[INFO] Downloaded from central: https://repo.maven.apache.org/maven2/com/telamin/mongoose/1.0.29/mongoose-1.0.29.pom (15 kB at 44 kB/s)
[INFO] Downloading from central: https://repo.maven.apache.org/maven2/net/openhft/chronicle-bom/2.27ea5/chronicle-bom-2.27ea5.pom
[INFO] Downloaded from central: https://repo.maven.apache.org/maven2/net/openhft/chronicle-bom/2.27ea5/chronicle-bom-2.27ea5.pom (39 kB at 162 kB/s)
[INFO] Downloading from central: https://repo.maven.apache.org/maven2/net/openhft/root-parent-pom/1.27ea0/root-parent-pom-1.27ea0.pom
[INFO] Downloaded from central: https://repo.maven.apache.org/maven2/net/openhft/root-parent-pom/1.27ea0/root-parent-pom-1.27ea0.pom (18 kB at 403 kB/s)
[INFO] Downloading from central: https://repo.maven.apache.org/maven2/com/telamin/fluxtion/fluxtion-runtime/1.0.16/fluxtion-runtime-1.0.16.pom
[INFO] Downloading from repsy-fluxtion-public: https://repo.repsy.io/mvn/fluxtion/fluxtion-public/com/telamin/fluxtion/fluxtion-runtime/1.0.16/fluxtion-runtime-1.0.16.pom
[INFO] Downloaded from repsy-fluxtion-public: https://repo.repsy.io/mvn/fluxtion/fluxtion-public/com/telamin/fluxtion/fluxtion-runtime/1.0.16/fluxtion-runtime-1.0.16.pom (9.7 kB at 14 kB/s)
[INFO] Downloading from central: https://repo.maven.apache.org/maven2/com/telamin/fluxtion/fluxtion-parent/1.0.16/fluxtion-parent-1.0.16.pom
[INFO] Downloading from repsy-fluxtion-public: https://repo.repsy.io/mvn/fluxtion/fluxtion-public/com/telamin/fluxtion/fluxtion-parent/1.0.16/fluxtion-parent-1.0.16.pom
[INFO] Downloaded from repsy-fluxtion-public: https://repo.repsy.io/mvn/fluxtion/fluxtion-public/com/telamin/fluxtion/fluxtion-parent/1.0.16/fluxtion-parent-1.0.16.pom (18 kB at 37 kB/s)
[INFO] Downloading from central: https://repo.maven.apache.org/maven2/org/agrona/agrona/2.3.0/agrona-2.3.0.pom
[INFO] Downloaded from central: https://repo.maven.apache.org/maven2/org/agrona/agrona/2.3.0/agrona-2.3.0.pom (2.4 kB at 50 kB/s)
[INFO] Downloading from central: https://repo.maven.apache.org/maven2/org/yaml/snakeyaml/2.5/snakeyaml-2.5.pom
[INFO] Downloaded from central: https://repo.maven.apache.org/maven2/org/yaml/snakeyaml/2.5/snakeyaml-2.5.pom (21 kB at 397 kB/s)
[INFO] Downloading from central: https://repo.maven.apache.org/maven2/org/hdrhistogram/HdrHistogram/2.2.2/HdrHistogram-2.2.2.pom
[INFO] Downloaded from central: https://repo.maven.apache.org/maven2/org/hdrhistogram/HdrHistogram/2.2.2/HdrHistogram-2.2.2.pom (13 kB at 270 kB/s)
[INFO] Downloading from central: https://repo.maven.apache.org/maven2/net/openhft/chronicle-queue/5.27ea0/chronicle-queue-5.27ea0.pom
[INFO] Downloaded from central: https://repo.maven.apache.org/maven2/net/openhft/chronicle-queue/5.27ea0/chronicle-queue-5.27ea0.pom (28 kB at 131 kB/s)
[INFO] Downloading from central: https://repo.maven.apache.org/maven2/net/openhft/java-parent-pom/1.27ea0/java-parent-pom-1.27ea0.pom
[INFO] Downloaded from central: https://repo.maven.apache.org/maven2/net/openhft/java-parent-pom/1.27ea0/java-parent-pom-1.27ea0.pom (7.1 kB at 155 kB/s)
[INFO] Downloading from central: https://repo.maven.apache.org/maven2/net/openhft/third-party-bom/3.27ea0/third-party-bom-3.27ea0.pom
[INFO] Downloaded from central: https://repo.maven.apache.org/maven2/net/openhft/third-party-bom/3.27ea0/third-party-bom-3.27ea0.pom (25 kB at 626 kB/s)
[INFO] Downloading from central: https://repo.maven.apache.org/maven2/net/openhft/chronicle-bom/2.27ea0/chronicle-bom-2.27ea0.pom
[INFO] Downloaded from central: https://repo.maven.apache.org/maven2/net/openhft/chronicle-bom/2.27ea0/chronicle-bom-2.27ea0.pom (39 kB at 573 kB/s)
[INFO] Downloading from central: https://repo.maven.apache.org/maven2/net/openhft/chronicle-core/2.27ea0/chronicle-core-2.27ea0.pom
[INFO] Downloaded from central: https://repo.maven.apache.org/maven2/net/openhft/chronicle-core/2.27ea0/chronicle-core-2.27ea0.pom (16 kB at 293 kB/s)
[INFO] Downloading from central: https://repo.maven.apache.org/maven2/net/openhft/posix/2.27ea0/posix-2.27ea0.pom
[INFO] Downloaded from central: https://repo.maven.apache.org/maven2/net/openhft/posix/2.27ea0/posix-2.27ea0.pom (4.1 kB at 103 kB/s)
[INFO] Downloading from central: https://repo.maven.apache.org/maven2/org/slf4j/slf4j-api/1.7.36/slf4j-api-1.7.36.pom
[INFO] Downloaded from central: https://repo.maven.apache.org/maven2/org/slf4j/slf4j-api/1.7.36/slf4j-api-1.7.36.pom (2.7 kB at 60 kB/s)
[INFO] Downloading from central: https://repo.maven.apache.org/maven2/org/slf4j/slf4j-parent/1.7.36/slf4j-parent-1.7.36.pom
[INFO] Downloaded from central: https://repo.maven.apache.org/maven2/org/slf4j/slf4j-parent/1.7.36/slf4j-parent-1.7.36.pom (14 kB at 414 kB/s)
[INFO] Downloading from central: https://repo.maven.apache.org/maven2/net/java/dev/jna/jna/5.8.0/jna-5.8.0.pom
[INFO] Downloaded from central: https://repo.maven.apache.org/maven2/net/java/dev/jna/jna/5.8.0/jna-5.8.0.pom (1.6 kB at 34 kB/s)
[INFO] Downloading from central: https://repo.maven.apache.org/maven2/net/java/dev/jna/jna-platform/5.8.0/jna-platform-5.8.0.pom
[INFO] Downloaded from central: https://repo.maven.apache.org/maven2/net/java/dev/jna/jna-platform/5.8.0/jna-platform-5.8.0.pom (1.8 kB at 53 kB/s)
[INFO] Downloading from central: https://repo.maven.apache.org/maven2/com/github/jnr/jnr-ffi/2.2.15/jnr-ffi-2.2.15.pom
[INFO] Downloaded from central: https://repo.maven.apache.org/maven2/com/github/jnr/jnr-ffi/2.2.15/jnr-ffi-2.2.15.pom (10 kB at 264 kB/s)
[INFO] Downloading from central: https://repo.maven.apache.org/maven2/org/sonatype/oss/oss-parent/7/oss-parent-7.pom
[INFO] Downloaded from central: https://repo.maven.apache.org/maven2/org/sonatype/oss/oss-parent/7/oss-parent-7.pom (4.8 kB at 112 kB/s)
[INFO] Downloading from central: https://repo.maven.apache.org/maven2/com/github/jnr/jffi/1.3.12/jffi-1.3.12.pom
[INFO] Downloaded from central: https://repo.maven.apache.org/maven2/com/github/jnr/jffi/1.3.12/jffi-1.3.12.pom (12 kB at 282 kB/s)
[INFO] Downloading from central: https://repo.maven.apache.org/maven2/org/ow2/asm/asm/9.2/asm-9.2.pom
[INFO] Downloaded from central: https://repo.maven.apache.org/maven2/org/ow2/asm/asm/9.2/asm-9.2.pom (2.4 kB at 48 kB/s)
[INFO] Downloading from central: https://repo.maven.apache.org/maven2/org/ow2/ow2/1.5/ow2-1.5.pom
[INFO] Downloaded from central: https://repo.maven.apache.org/maven2/org/ow2/ow2/1.5/ow2-1.5.pom (11 kB at 304 kB/s)
[INFO] Downloading from central: https://repo.maven.apache.org/maven2/com/github/jnr/jnr-a64asm/1.0.0/jnr-a64asm-1.0.0.pom
[INFO] Downloaded from central: https://repo.maven.apache.org/maven2/com/github/jnr/jnr-a64asm/1.0.0/jnr-a64asm-1.0.0.pom (2.5 kB at 64 kB/s)
[INFO] Downloading from central: https://repo.maven.apache.org/maven2/com/github/jnr/jnr-x86asm/1.0.2/jnr-x86asm-1.0.2.pom
[INFO] Downloaded from central: https://repo.maven.apache.org/maven2/com/github/jnr/jnr-x86asm/1.0.2/jnr-x86asm-1.0.2.pom (1.6 kB at 43 kB/s)
[INFO] Downloading from central: https://repo.maven.apache.org/maven2/com/github/jnr/jnr-constants/0.10.4/jnr-constants-0.10.4.pom
[INFO] Downloaded from central: https://repo.maven.apache.org/maven2/com/github/jnr/jnr-constants/0.10.4/jnr-constants-0.10.4.pom (4.4 kB at 129 kB/s)
[INFO] Downloading from central: https://repo.maven.apache.org/maven2/net/openhft/chronicle-analytics/2.27ea0/chronicle-analytics-2.27ea0.pom
[INFO] Downloaded from central: https://repo.maven.apache.org/maven2/net/openhft/chronicle-analytics/2.27ea0/chronicle-analytics-2.27ea0.pom (10 kB at 249 kB/s)
[INFO] Downloading from central: https://repo.maven.apache.org/maven2/net/openhft/chronicle-bytes/2.27ea0/chronicle-bytes-2.27ea0.pom
[INFO] Downloaded from central: https://repo.maven.apache.org/maven2/net/openhft/chronicle-bytes/2.27ea0/chronicle-bytes-2.27ea0.pom (25 kB at 605 kB/s)
[INFO] Downloading from central: https://repo.maven.apache.org/maven2/net/openhft/chronicle-wire/2.27ea0/chronicle-wire-2.27ea0.pom
[INFO] Downloaded from central: https://repo.maven.apache.org/maven2/net/openhft/chronicle-wire/2.27ea0/chronicle-wire-2.27ea0.pom (21 kB at 396 kB/s)
[INFO] Downloading from central: https://repo.maven.apache.org/maven2/net/openhft/compiler/2.27ea0/compiler-2.27ea0.pom
[INFO] Downloaded from central: https://repo.maven.apache.org/maven2/net/openhft/compiler/2.27ea0/compiler-2.27ea0.pom (7.9 kB at 189 kB/s)
[INFO] Downloading from central: https://repo.maven.apache.org/maven2/net/openhft/chronicle-threads/2.27ea0/chronicle-threads-2.27ea0.pom
[INFO] Downloaded from central: https://repo.maven.apache.org/maven2/net/openhft/chronicle-threads/2.27ea0/chronicle-threads-2.27ea0.pom (10 kB at 230 kB/s)
[INFO] Downloading from central: https://repo.maven.apache.org/maven2/net/openhft/affinity/3.27ea0/affinity-3.27ea0.pom
[INFO] Downloaded from central: https://repo.maven.apache.org/maven2/net/openhft/affinity/3.27ea0/affinity-3.27ea0.pom (11 kB at 212 kB/s)
[INFO] Downloading from central: https://repo.maven.apache.org/maven2/commons-cli/commons-cli/1.5.0/commons-cli-1.5.0.pom
[INFO] Downloaded from central: https://repo.maven.apache.org/maven2/commons-cli/commons-cli/1.5.0/commons-cli-1.5.0.pom (15 kB at 296 kB/s)
[INFO] Downloading from central: https://repo.maven.apache.org/maven2/org/apache/commons/commons-parent/52/commons-parent-52.pom
[INFO] Downloaded from central: https://repo.maven.apache.org/maven2/org/apache/commons/commons-parent/52/commons-parent-52.pom (79 kB at 1.7 MB/s)
[INFO] Downloading from central: https://repo.maven.apache.org/maven2/org/apache/apache/23/apache-23.pom
[INFO] Downloaded from central: https://repo.maven.apache.org/maven2/org/apache/apache/23/apache-23.pom (18 kB at 558 kB/s)
[INFO] Downloading from central: https://repo.maven.apache.org/maven2/com/telamin/svc-admin-web/1.0.43/svc-admin-web-1.0.43.pom
[INFO] Downloading from repsy-fluxtion-public: https://repo.repsy.io/mvn/fluxtion/fluxtion-public/com/telamin/svc-admin-web/1.0.43/svc-admin-web-1.0.43.pom
[INFO] Downloaded from repsy-fluxtion-public: https://repo.repsy.io/mvn/fluxtion/fluxtion-public/com/telamin/svc-admin-web/1.0.43/svc-admin-web-1.0.43.pom (2.0 kB at 2.7 kB/s)
[INFO] Downloading from central: https://repo.maven.apache.org/maven2/com/telamin/mongoose-plugins/1.0.43/mongoose-plugins-1.0.43.pom
[INFO] Downloading from repsy-fluxtion-public: https://repo.repsy.io/mvn/fluxtion/fluxtion-public/com/telamin/mongoose-plugins/1.0.43/mongoose-plugins-1.0.43.pom
[INFO] Downloaded from repsy-fluxtion-public: https://repo.repsy.io/mvn/fluxtion/fluxtion-public/com/telamin/mongoose-plugins/1.0.43/mongoose-plugins-1.0.43.pom (9.3 kB at 14 kB/s)
[INFO] Downloading from central: https://repo.maven.apache.org/maven2/com/telamin/fluxtion/fluxtion-bom/1.0.67/fluxtion-bom-1.0.67.pom
[INFO] Downloading from repsy-fluxtion-public: https://repo.repsy.io/mvn/fluxtion/fluxtion-public/com/telamin/fluxtion/fluxtion-bom/1.0.67/fluxtion-bom-1.0.67.pom
[INFO] Downloaded from repsy-fluxtion-public: https://repo.repsy.io/mvn/fluxtion/fluxtion-public/com/telamin/fluxtion/fluxtion-bom/1.0.67/fluxtion-bom-1.0.67.pom (4.5 kB at 5.9 kB/s)
[INFO] Downloading from central: https://repo.maven.apache.org/maven2/io/javalin/javalin/6.3.0/javalin-6.3.0.pom
[INFO] Downloaded from central: https://repo.maven.apache.org/maven2/io/javalin/javalin/6.3.0/javalin-6.3.0.pom (8.9 kB at 212 kB/s)
[INFO] Downloading from central: https://repo.maven.apache.org/maven2/io/javalin/javalin-parent/6.3.0/javalin-parent-6.3.0.pom
[INFO] Downloaded from central: https://repo.maven.apache.org/maven2/io/javalin/javalin-parent/6.3.0/javalin-parent-6.3.0.pom (25 kB at 552 kB/s)
[INFO] Downloading from central: https://repo.maven.apache.org/maven2/org/eclipse/jetty/jetty-bom/11.0.23/jetty-bom-11.0.23.pom
[INFO] Downloaded from central: https://repo.maven.apache.org/maven2/org/eclipse/jetty/jetty-bom/11.0.23/jetty-bom-11.0.23.pom (19 kB at 495 kB/s)
[INFO] Downloading from central: https://repo.maven.apache.org/maven2/org/slf4j/slf4j-api/2.0.16/slf4j-api-2.0.16.pom
[INFO] Downloaded from central: https://repo.maven.apache.org/maven2/org/slf4j/slf4j-api/2.0.16/slf4j-api-2.0.16.pom (2.8 kB at 88 kB/s)
[INFO] Downloading from central: https://repo.maven.apache.org/maven2/org/slf4j/slf4j-parent/2.0.16/slf4j-parent-2.0.16.pom
[INFO] Downloaded from central: https://repo.maven.apache.org/maven2/org/slf4j/slf4j-parent/2.0.16/slf4j-parent-2.0.16.pom (13 kB at 291 kB/s)
[INFO] Downloading from central: https://repo.maven.apache.org/maven2/org/slf4j/slf4j-bom/2.0.16/slf4j-bom-2.0.16.pom
[INFO] Downloaded from central: https://repo.maven.apache.org/maven2/org/slf4j/slf4j-bom/2.0.16/slf4j-bom-2.0.16.pom (7.3 kB at 167 kB/s)
[INFO] Downloading from central: https://repo.maven.apache.org/maven2/org/eclipse/jetty/jetty-server/11.0.23/jetty-server-11.0.23.pom
[INFO] Downloaded from central: https://repo.maven.apache.org/maven2/org/eclipse/jetty/jetty-server/11.0.23/jetty-server-11.0.23.pom (2.8 kB at 74 kB/s)
[INFO] Downloading from central: https://repo.maven.apache.org/maven2/org/eclipse/jetty/jetty-project/11.0.23/jetty-project-11.0.23.pom
[INFO] Downloaded from central: https://repo.maven.apache.org/maven2/org/eclipse/jetty/jetty-project/11.0.23/jetty-project-11.0.23.pom (101 kB at 2.1 MB/s)
[INFO] Downloading from central: https://repo.maven.apache.org/maven2/com/fasterxml/jackson/jackson-bom/2.17.2/jackson-bom-2.17.2.pom
[INFO] Downloaded from central: https://repo.maven.apache.org/maven2/com/fasterxml/jackson/jackson-bom/2.17.2/jackson-bom-2.17.2.pom (19 kB at 492 kB/s)
[INFO] Downloading from central: https://repo.maven.apache.org/maven2/com/fasterxml/jackson/jackson-parent/2.17/jackson-parent-2.17.pom
[INFO] Downloaded from central: https://repo.maven.apache.org/maven2/com/fasterxml/jackson/jackson-parent/2.17/jackson-parent-2.17.pom (6.5 kB at 172 kB/s)
[INFO] Downloading from central: https://repo.maven.apache.org/maven2/com/fasterxml/oss-parent/58/oss-parent-58.pom
[INFO] Downloaded from central: https://repo.maven.apache.org/maven2/com/fasterxml/oss-parent/58/oss-parent-58.pom (24 kB at 639 kB/s)
[INFO] Downloading from central: https://repo.maven.apache.org/maven2/org/infinispan/infinispan-bom/11.0.19.Final/infinispan-bom-11.0.19.Final.pom
[INFO] Downloaded from central: https://repo.maven.apache.org/maven2/org/infinispan/infinispan-bom/11.0.19.Final/infinispan-bom-11.0.19.Final.pom (18 kB at 448 kB/s)
[INFO] Downloading from central: https://repo.maven.apache.org/maven2/org/infinispan/infinispan-build-configuration-parent/11.0.19.Final/infinispan-build-configuration-parent-11.0.19.Final.pom
[INFO] Downloaded from central: https://repo.maven.apache.org/maven2/org/infinispan/infinispan-build-configuration-parent/11.0.19.Final/infinispan-build-configuration-parent-11.0.19.Final.pom (16 kB at 432 kB/s)
[INFO] Downloading from central: https://repo.maven.apache.org/maven2/org/jboss/jboss-parent/36/jboss-parent-36.pom
[INFO] Downloaded from central: https://repo.maven.apache.org/maven2/org/jboss/jboss-parent/36/jboss-parent-36.pom (66 kB at 1.1 MB/s)
[INFO] Downloading from central: https://repo.maven.apache.org/maven2/org/junit/junit-bom/5.10.3/junit-bom-5.10.3.pom
[INFO] Downloaded from central: https://repo.maven.apache.org/maven2/org/junit/junit-bom/5.10.3/junit-bom-5.10.3.pom (5.6 kB at 153 kB/s)
[INFO] Downloading from central: https://repo.maven.apache.org/maven2/org/ow2/asm/asm-bom/9.7/asm-bom-9.7.pom
[INFO] Downloaded from central: https://repo.maven.apache.org/maven2/org/ow2/asm/asm-bom/9.7/asm-bom-9.7.pom (3.3 kB at 93 kB/s)
[INFO] Downloading from central: https://repo.maven.apache.org/maven2/org/ow2/ow2/1.5.1/ow2-1.5.1.pom
[INFO] Downloaded from central: https://repo.maven.apache.org/maven2/org/ow2/ow2/1.5.1/ow2-1.5.1.pom (11 kB at 289 kB/s)
[INFO] Downloading from central: https://repo.maven.apache.org/maven2/org/testcontainers/testcontainers-bom/1.20.1/testcontainers-bom-1.20.1.pom
[INFO] Downloaded from central: https://repo.maven.apache.org/maven2/org/testcontainers/testcontainers-bom/1.20.1/testcontainers-bom-1.20.1.pom (11 kB at 265 kB/s)
[INFO] Downloading from central: https://repo.maven.apache.org/maven2/org/eclipse/jetty/jetty-http/11.0.23/jetty-http-11.0.23.pom
[INFO] Downloaded from central: https://repo.maven.apache.org/maven2/org/eclipse/jetty/jetty-http/11.0.23/jetty-http-11.0.23.pom (4.0 kB at 86 kB/s)
[INFO] Downloading from central: https://repo.maven.apache.org/maven2/org/eclipse/jetty/jetty-io/11.0.23/jetty-io-11.0.23.pom
[INFO] Downloaded from central: https://repo.maven.apache.org/maven2/org/eclipse/jetty/jetty-io/11.0.23/jetty-io-11.0.23.pom (1.8 kB at 38 kB/s)
[INFO] Downloading from central: https://repo.maven.apache.org/maven2/org/eclipse/jetty/jetty-util/11.0.23/jetty-util-11.0.23.pom
[INFO] Downloaded from central: https://repo.maven.apache.org/maven2/org/eclipse/jetty/jetty-util/11.0.23/jetty-util-11.0.23.pom (3.4 kB at 86 kB/s)
[INFO] Downloading from central: https://repo.maven.apache.org/maven2/org/slf4j/slf4j-api/2.0.9/slf4j-api-2.0.9.pom
[INFO] Downloaded from central: https://repo.maven.apache.org/maven2/org/slf4j/slf4j-api/2.0.9/slf4j-api-2.0.9.pom (2.8 kB at 83 kB/s)
[INFO] Downloading from central: https://repo.maven.apache.org/maven2/org/slf4j/slf4j-parent/2.0.9/slf4j-parent-2.0.9.pom
[INFO] Downloaded from central: https://repo.maven.apache.org/maven2/org/slf4j/slf4j-parent/2.0.9/slf4j-parent-2.0.9.pom (16 kB at 388 kB/s)
[INFO] Downloading from central: https://repo.maven.apache.org/maven2/org/slf4j/slf4j-bom/2.0.9/slf4j-bom-2.0.9.pom
[INFO] Downloaded from central: https://repo.maven.apache.org/maven2/org/slf4j/slf4j-bom/2.0.9/slf4j-bom-2.0.9.pom (4.9 kB at 149 kB/s)
[INFO] Downloading from central: https://repo.maven.apache.org/maven2/org/eclipse/jetty/toolchain/jetty-jakarta-servlet-api/5.0.2/jetty-jakarta-servlet-api-5.0.2.pom
[INFO] Downloaded from central: https://repo.maven.apache.org/maven2/org/eclipse/jetty/toolchain/jetty-jakarta-servlet-api/5.0.2/jetty-jakarta-servlet-api-5.0.2.pom (10 kB at 269 kB/s)
[INFO] Downloading from central: https://repo.maven.apache.org/maven2/org/eclipse/jetty/toolchain/jetty-toolchain/1.6/jetty-toolchain-1.6.pom
[INFO] Downloaded from central: https://repo.maven.apache.org/maven2/org/eclipse/jetty/toolchain/jetty-toolchain/1.6/jetty-toolchain-1.6.pom (17 kB at 437 kB/s)
[INFO] Downloading from central: https://repo.maven.apache.org/maven2/org/eclipse/jetty/websocket/websocket-jetty-server/11.0.23/websocket-jetty-server-11.0.23.pom
[INFO] Downloaded from central: https://repo.maven.apache.org/maven2/org/eclipse/jetty/websocket/websocket-jetty-server/11.0.23/websocket-jetty-server-11.0.23.pom (2.7 kB at 71 kB/s)
[INFO] Downloading from central: https://repo.maven.apache.org/maven2/org/eclipse/jetty/websocket/websocket-parent/11.0.23/websocket-parent-11.0.23.pom
[INFO] Downloaded from central: https://repo.maven.apache.org/maven2/org/eclipse/jetty/websocket/websocket-parent/11.0.23/websocket-parent-11.0.23.pom (1.9 kB at 51 kB/s)
[INFO] Downloading from central: https://repo.maven.apache.org/maven2/org/eclipse/jetty/jetty-servlet/11.0.23/jetty-servlet-11.0.23.pom
[INFO] Downloaded from central: https://repo.maven.apache.org/maven2/org/eclipse/jetty/jetty-servlet/11.0.23/jetty-servlet-11.0.23.pom (2.3 kB at 47 kB/s)
[INFO] Downloading from central: https://repo.maven.apache.org/maven2/org/eclipse/jetty/jetty-security/11.0.23/jetty-security-11.0.23.pom
[INFO] Downloaded from central: https://repo.maven.apache.org/maven2/org/eclipse/jetty/jetty-security/11.0.23/jetty-security-11.0.23.pom (2.1 kB at 64 kB/s)
[INFO] Downloading from central: https://repo.maven.apache.org/maven2/org/eclipse/jetty/jetty-webapp/11.0.23/jetty-webapp-11.0.23.pom
[INFO] Downloaded from central: https://repo.maven.apache.org/maven2/org/eclipse/jetty/jetty-webapp/11.0.23/jetty-webapp-11.0.23.pom (3.6 kB at 99 kB/s)
[INFO] Downloading from central: https://repo.maven.apache.org/maven2/org/eclipse/jetty/jetty-xml/11.0.23/jetty-xml-11.0.23.pom
[INFO] Downloaded from central: https://repo.maven.apache.org/maven2/org/eclipse/jetty/jetty-xml/11.0.23/jetty-xml-11.0.23.pom (2.5 kB at 56 kB/s)
[INFO] Downloading from central: https://repo.maven.apache.org/maven2/org/eclipse/jetty/websocket/websocket-jetty-api/11.0.23/websocket-jetty-api-11.0.23.pom
[INFO] Downloaded from central: https://repo.maven.apache.org/maven2/org/eclipse/jetty/websocket/websocket-jetty-api/11.0.23/websocket-jetty-api-11.0.23.pom (665 B at 14 kB/s)
[INFO] Downloading from central: https://repo.maven.apache.org/maven2/org/eclipse/jetty/websocket/websocket-jetty-common/11.0.23/websocket-jetty-common-11.0.23.pom
[INFO] Downloaded from central: https://repo.maven.apache.org/maven2/org/eclipse/jetty/websocket/websocket-jetty-common/11.0.23/websocket-jetty-common-11.0.23.pom (2.0 kB at 46 kB/s)
[INFO] Downloading from central: https://repo.maven.apache.org/maven2/org/eclipse/jetty/websocket/websocket-core-common/11.0.23/websocket-core-common-11.0.23.pom
[INFO] Downloaded from central: https://repo.maven.apache.org/maven2/org/eclipse/jetty/websocket/websocket-core-common/11.0.23/websocket-core-common-11.0.23.pom (1.8 kB at 36 kB/s)
[INFO] Downloading from central: https://repo.maven.apache.org/maven2/org/eclipse/jetty/websocket/websocket-servlet/11.0.23/websocket-servlet-11.0.23.pom
[INFO] Downloaded from central: https://repo.maven.apache.org/maven2/org/eclipse/jetty/websocket/websocket-servlet/11.0.23/websocket-servlet-11.0.23.pom (1.4 kB at 32 kB/s)
[INFO] Downloading from central: https://repo.maven.apache.org/maven2/org/eclipse/jetty/websocket/websocket-core-server/11.0.23/websocket-core-server-11.0.23.pom
[INFO] Downloaded from central: https://repo.maven.apache.org/maven2/org/eclipse/jetty/websocket/websocket-core-server/11.0.23/websocket-core-server-11.0.23.pom (954 B at 26 kB/s)
[INFO] Downloading from central: https://repo.maven.apache.org/maven2/org/jetbrains/kotlin/kotlin-stdlib-jdk8/1.9.25/kotlin-stdlib-jdk8-1.9.25.pom
[INFO] Downloaded from central: https://repo.maven.apache.org/maven2/org/jetbrains/kotlin/kotlin-stdlib-jdk8/1.9.25/kotlin-stdlib-jdk8-1.9.25.pom (1.6 kB at 43 kB/s)
[INFO] Downloading from central: https://repo.maven.apache.org/maven2/org/jetbrains/kotlin/kotlin-stdlib/1.9.25/kotlin-stdlib-1.9.25.pom
[INFO] Downloaded from central: https://repo.maven.apache.org/maven2/org/jetbrains/kotlin/kotlin-stdlib/1.9.25/kotlin-stdlib-1.9.25.pom (2.8 kB at 69 kB/s)
[INFO] Downloading from central: https://repo.maven.apache.org/maven2/org/jetbrains/annotations/13.0/annotations-13.0.pom
[INFO] Downloaded from central: https://repo.maven.apache.org/maven2/org/jetbrains/annotations/13.0/annotations-13.0.pom (4.9 kB at 115 kB/s)
[INFO] Downloading from central: https://repo.maven.apache.org/maven2/org/jetbrains/kotlin/kotlin-stdlib-jdk7/1.9.25/kotlin-stdlib-jdk7-1.9.25.pom
[INFO] Downloaded from central: https://repo.maven.apache.org/maven2/org/jetbrains/kotlin/kotlin-stdlib-jdk7/1.9.25/kotlin-stdlib-jdk7-1.9.25.pom (1.4 kB at 32 kB/s)
[INFO] Downloading from central: https://repo.maven.apache.org/maven2/com/fasterxml/jackson/core/jackson-databind/2.18.3/jackson-databind-2.18.3.pom
[INFO] Downloaded from central: https://repo.maven.apache.org/maven2/com/fasterxml/jackson/core/jackson-databind/2.18.3/jackson-databind-2.18.3.pom (21 kB at 525 kB/s)
[INFO] Downloading from central: https://repo.maven.apache.org/maven2/com/fasterxml/jackson/jackson-base/2.18.3/jackson-base-2.18.3.pom
[INFO] Downloaded from central: https://repo.maven.apache.org/maven2/com/fasterxml/jackson/jackson-base/2.18.3/jackson-base-2.18.3.pom (12 kB at 273 kB/s)
[INFO] Downloading from central: https://repo.maven.apache.org/maven2/com/fasterxml/jackson/jackson-bom/2.18.3/jackson-bom-2.18.3.pom
[INFO] Downloaded from central: https://repo.maven.apache.org/maven2/com/fasterxml/jackson/jackson-bom/2.18.3/jackson-bom-2.18.3.pom (19 kB at 492 kB/s)
[INFO] Downloading from central: https://repo.maven.apache.org/maven2/com/fasterxml/jackson/jackson-parent/2.18.1/jackson-parent-2.18.1.pom
[INFO] Downloaded from central: https://repo.maven.apache.org/maven2/com/fasterxml/jackson/jackson-parent/2.18.1/jackson-parent-2.18.1.pom (6.7 kB at 209 kB/s)
[INFO] Downloading from central: https://repo.maven.apache.org/maven2/com/fasterxml/oss-parent/61/oss-parent-61.pom
[INFO] Downloaded from central: https://repo.maven.apache.org/maven2/com/fasterxml/oss-parent/61/oss-parent-61.pom (23 kB at 525 kB/s)
[INFO] Downloading from central: https://repo.maven.apache.org/maven2/com/fasterxml/jackson/core/jackson-annotations/2.18.3/jackson-annotations-2.18.3.pom
[INFO] Downloaded from central: https://repo.maven.apache.org/maven2/com/fasterxml/jackson/core/jackson-annotations/2.18.3/jackson-annotations-2.18.3.pom (7.1 kB at 154 kB/s)
[INFO] Downloading from central: https://repo.maven.apache.org/maven2/com/fasterxml/jackson/core/jackson-core/2.18.3/jackson-core-2.18.3.pom
[INFO] Downloaded from central: https://repo.maven.apache.org/maven2/com/fasterxml/jackson/core/jackson-core/2.18.3/jackson-core-2.18.3.pom (10 kB at 228 kB/s)
[INFO] Downloading from central: https://repo.maven.apache.org/maven2/org/apache/logging/log4j/log4j-api/2.24.3/log4j-api-2.24.3.pom
[INFO] Downloaded from central: https://repo.maven.apache.org/maven2/org/apache/logging/log4j/log4j-api/2.24.3/log4j-api-2.24.3.pom (4.4 kB at 86 kB/s)
[INFO] Downloading from central: https://repo.maven.apache.org/maven2/org/apache/logging/log4j/log4j/2.24.3/log4j-2.24.3.pom
[INFO] Downloaded from central: https://repo.maven.apache.org/maven2/org/apache/logging/log4j/log4j/2.24.3/log4j-2.24.3.pom (35 kB at 779 kB/s)
[INFO] Downloading from central: https://repo.maven.apache.org/maven2/org/apache/logging/log4j/log4j-bom/2.24.3/log4j-bom-2.24.3.pom
[INFO] Downloaded from central: https://repo.maven.apache.org/maven2/org/apache/logging/log4j/log4j-bom/2.24.3/log4j-bom-2.24.3.pom (12 kB at 266 kB/s)
[INFO] Downloading from central: https://repo.maven.apache.org/maven2/org/apache/logging/logging-parent/11.3.0/logging-parent-11.3.0.pom
[INFO] Downloaded from central: https://repo.maven.apache.org/maven2/org/apache/logging/logging-parent/11.3.0/logging-parent-11.3.0.pom (53 kB at 1.2 MB/s)
[INFO] Downloading from central: https://repo.maven.apache.org/maven2/org/apache/apache/33/apache-33.pom
[INFO] Downloaded from central: https://repo.maven.apache.org/maven2/org/apache/apache/33/apache-33.pom (24 kB at 636 kB/s)
[INFO] Downloading from central: https://repo.maven.apache.org/maven2/org/apache/groovy/groovy-bom/4.0.22/groovy-bom-4.0.22.pom
[INFO] Downloaded from central: https://repo.maven.apache.org/maven2/org/apache/groovy/groovy-bom/4.0.22/groovy-bom-4.0.22.pom (27 kB at 634 kB/s)
[INFO] Downloading from central: https://repo.maven.apache.org/maven2/jakarta/platform/jakarta.jakartaee-bom/9.1.0/jakarta.jakartaee-bom-9.1.0.pom
[INFO] Downloaded from central: https://repo.maven.apache.org/maven2/jakarta/platform/jakarta.jakartaee-bom/9.1.0/jakarta.jakartaee-bom-9.1.0.pom (9.6 kB at 265 kB/s)
[INFO] Downloading from central: https://repo.maven.apache.org/maven2/jakarta/platform/jakartaee-api-parent/9.1.0/jakartaee-api-parent-9.1.0.pom
[INFO] Downloaded from central: https://repo.maven.apache.org/maven2/jakarta/platform/jakartaee-api-parent/9.1.0/jakartaee-api-parent-9.1.0.pom (15 kB at 316 kB/s)
[INFO] Downloading from central: https://repo.maven.apache.org/maven2/org/eclipse/ee4j/project/1.0.7/project-1.0.7.pom
[INFO] Downloaded from central: https://repo.maven.apache.org/maven2/org/eclipse/ee4j/project/1.0.7/project-1.0.7.pom (14 kB at 322 kB/s)
[INFO] Downloading from central: https://repo.maven.apache.org/maven2/org/mockito/mockito-bom/4.11.0/mockito-bom-4.11.0.pom
[INFO] Downloaded from central: https://repo.maven.apache.org/maven2/org/mockito/mockito-bom/4.11.0/mockito-bom-4.11.0.pom (3.2 kB at 77 kB/s)
[INFO] Downloading from central: https://repo.maven.apache.org/maven2/org/springframework/spring-framework-bom/5.3.39/spring-framework-bom-5.3.39.pom
[INFO] Downloaded from central: https://repo.maven.apache.org/maven2/org/springframework/spring-framework-bom/5.3.39/spring-framework-bom-5.3.39.pom (5.7 kB at 149 kB/s)
[INFO] Downloading from central: https://repo.maven.apache.org/maven2/org/apache/logging/log4j/log4j-core/2.24.3/log4j-core-2.24.3.pom
[INFO] Downloaded from central: https://repo.maven.apache.org/maven2/org/apache/logging/log4j/log4j-core/2.24.3/log4j-core-2.24.3.pom (9.3 kB at 217 kB/s)
[INFO] Downloading from central: https://repo.maven.apache.org/maven2/org/apache/logging/log4j/log4j-jul/2.24.3/log4j-jul-2.24.3.pom
[INFO] Downloaded from central: https://repo.maven.apache.org/maven2/org/apache/logging/log4j/log4j-jul/2.24.3/log4j-jul-2.24.3.pom (4.7 kB at 138 kB/s)
[INFO] Downloading from central: https://repo.maven.apache.org/maven2/com/telamin/fluxtion/fluxtion-builder/1.0.71/fluxtion-builder-1.0.71.pom
[INFO] Downloading from repsy-fluxtion-public: https://repo.repsy.io/mvn/fluxtion/fluxtion-public/com/telamin/fluxtion/fluxtion-builder/1.0.71/fluxtion-builder-1.0.71.pom
[INFO] Downloaded from repsy-fluxtion-public: https://repo.repsy.io/mvn/fluxtion/fluxtion-public/com/telamin/fluxtion/fluxtion-builder/1.0.71/fluxtion-builder-1.0.71.pom (6.1 kB at 6.2 kB/s)
[INFO] Downloading from central: https://repo.maven.apache.org/maven2/com/telamin/fluxtion/fluxtion-builder-api/1.0.16/fluxtion-builder-api-1.0.16.pom
[INFO] Downloading from repsy-fluxtion-public: https://repo.repsy.io/mvn/fluxtion/fluxtion-public/com/telamin/fluxtion/fluxtion-builder-api/1.0.16/fluxtion-builder-api-1.0.16.pom
[INFO] Downloaded from repsy-fluxtion-public: https://repo.repsy.io/mvn/fluxtion/fluxtion-public/com/telamin/fluxtion/fluxtion-builder-api/1.0.16/fluxtion-builder-api-1.0.16.pom (1.9 kB at 3.1 kB/s)
[INFO] Downloading from central: https://repo.maven.apache.org/maven2/org/yaml/snakeyaml/2.4/snakeyaml-2.4.pom
[INFO] Downloaded from central: https://repo.maven.apache.org/maven2/org/yaml/snakeyaml/2.4/snakeyaml-2.4.pom (22 kB at 541 kB/s)
[INFO] Downloading from central: https://repo.maven.apache.org/maven2/com/fluxtion/csv-compiler/csv-compiler/0.1.18/csv-compiler-0.1.18.pom
[INFO] Downloaded from central: https://repo.maven.apache.org/maven2/com/fluxtion/csv-compiler/csv-compiler/0.1.18/csv-compiler-0.1.18.pom (1.3 kB at 27 kB/s)
[INFO] Downloading from central: https://repo.maven.apache.org/maven2/com/fluxtion/csv-compiler/csv-compiler-parentpom/0.1.18/csv-compiler-parentpom-0.1.18.pom
[INFO] Downloaded from central: https://repo.maven.apache.org/maven2/com/fluxtion/csv-compiler/csv-compiler-parentpom/0.1.18/csv-compiler-parentpom-0.1.18.pom (9.6 kB at 265 kB/s)
[INFO] Downloading from central: https://repo.maven.apache.org/maven2/com/google/auto/service/auto-service-annotations/1.0.1/auto-service-annotations-1.0.1.pom
[INFO] Downloaded from central: https://repo.maven.apache.org/maven2/com/google/auto/service/auto-service-annotations/1.0.1/auto-service-annotations-1.0.1.pom (2.3 kB at 53 kB/s)
[INFO] Downloading from central: https://repo.maven.apache.org/maven2/com/google/auto/service/auto-service-aggregator/1.0.1/auto-service-aggregator-1.0.1.pom
[INFO] Downloaded from central: https://repo.maven.apache.org/maven2/com/google/auto/service/auto-service-aggregator/1.0.1/auto-service-aggregator-1.0.1.pom (4.3 kB at 101 kB/s)
[INFO] Downloading from central: https://repo.maven.apache.org/maven2/org/slf4j/slf4j-api/2.0.17/slf4j-api-2.0.17.pom
[INFO] Downloaded from central: https://repo.maven.apache.org/maven2/org/slf4j/slf4j-api/2.0.17/slf4j-api-2.0.17.pom (2.8 kB at 83 kB/s)
[INFO] Downloading from central: https://repo.maven.apache.org/maven2/org/slf4j/slf4j-parent/2.0.17/slf4j-parent-2.0.17.pom
[INFO] Downloaded from central: https://repo.maven.apache.org/maven2/org/slf4j/slf4j-parent/2.0.17/slf4j-parent-2.0.17.pom (13 kB at 371 kB/s)
[INFO] Downloading from central: https://repo.maven.apache.org/maven2/org/slf4j/slf4j-bom/2.0.17/slf4j-bom-2.0.17.pom
[INFO] Downloaded from central: https://repo.maven.apache.org/maven2/org/slf4j/slf4j-bom/2.0.17/slf4j-bom-2.0.17.pom (7.3 kB at 187 kB/s)
[INFO] Downloading from central: https://repo.maven.apache.org/maven2/org/slf4j/slf4j-simple/2.0.17/slf4j-simple-2.0.17.pom
[INFO] Downloaded from central: https://repo.maven.apache.org/maven2/org/slf4j/slf4j-simple/2.0.17/slf4j-simple-2.0.17.pom (1.3 kB at 32 kB/s)
[INFO] Downloading from central: https://repo.maven.apache.org/maven2/org/jgrapht/jgrapht-core/1.5.2/jgrapht-core-1.5.2.pom
[INFO] Downloaded from central: https://repo.maven.apache.org/maven2/org/jgrapht/jgrapht-core/1.5.2/jgrapht-core-1.5.2.pom (3.7 kB at 93 kB/s)
[INFO] Downloading from central: https://repo.maven.apache.org/maven2/org/jgrapht/jgrapht/1.5.2/jgrapht-1.5.2.pom
[INFO] Downloaded from central: https://repo.maven.apache.org/maven2/org/jgrapht/jgrapht/1.5.2/jgrapht-1.5.2.pom (23 kB at 562 kB/s)
[INFO] Downloading from central: https://repo.maven.apache.org/maven2/org/jheaps/jheaps/0.14/jheaps-0.14.pom
[INFO] Downloaded from central: https://repo.maven.apache.org/maven2/org/jheaps/jheaps/0.14/jheaps-0.14.pom (10 kB at 256 kB/s)
[INFO] Downloading from central: https://repo.maven.apache.org/maven2/org/apfloat/apfloat/1.10.1/apfloat-1.10.1.pom
[INFO] Downloaded from central: https://repo.maven.apache.org/maven2/org/apfloat/apfloat/1.10.1/apfloat-1.10.1.pom (12 kB at 294 kB/s)
[INFO] Downloading from central: https://repo.maven.apache.org/maven2/org/apfloat/apfloat-parent/1.10.1/apfloat-parent-1.10.1.pom
[INFO] Downloaded from central: https://repo.maven.apache.org/maven2/org/apfloat/apfloat-parent/1.10.1/apfloat-parent-1.10.1.pom (11 kB at 297 kB/s)
[INFO] Downloading from central: https://repo.maven.apache.org/maven2/org/jgrapht/jgrapht-ext/1.5.2/jgrapht-ext-1.5.2.pom
[INFO] Downloaded from central: https://repo.maven.apache.org/maven2/org/jgrapht/jgrapht-ext/1.5.2/jgrapht-ext-1.5.2.pom (2.3 kB at 72 kB/s)
[INFO] Downloading from central: https://repo.maven.apache.org/maven2/com/github/vlsi/mxgraph/jgraphx/4.2.2/jgraphx-4.2.2.pom
[INFO] Downloaded from central: https://repo.maven.apache.org/maven2/com/github/vlsi/mxgraph/jgraphx/4.2.2/jgraphx-4.2.2.pom (1.2 kB at 29 kB/s)
[INFO] Downloading from central: https://repo.maven.apache.org/maven2/org/jgrapht/jgrapht-io/1.5.2/jgrapht-io-1.5.2.pom
[INFO] Downloaded from central: https://repo.maven.apache.org/maven2/org/jgrapht/jgrapht-io/1.5.2/jgrapht-io-1.5.2.pom (6.7 kB at 203 kB/s)
[INFO] Downloading from central: https://repo.maven.apache.org/maven2/org/antlr/antlr4-runtime/4.12.0/antlr4-runtime-4.12.0.pom
[INFO] Downloaded from central: https://repo.maven.apache.org/maven2/org/antlr/antlr4-runtime/4.12.0/antlr4-runtime-4.12.0.pom (3.6 kB at 72 kB/s)
[INFO] Downloading from central: https://repo.maven.apache.org/maven2/org/antlr/antlr4-master/4.12.0/antlr4-master-4.12.0.pom
[INFO] Downloaded from central: https://repo.maven.apache.org/maven2/org/antlr/antlr4-master/4.12.0/antlr4-master-4.12.0.pom (4.8 kB at 124 kB/s)
[INFO] Downloading from central: https://repo.maven.apache.org/maven2/org/sonatype/oss/oss-parent/9/oss-parent-9.pom
[INFO] Downloaded from central: https://repo.maven.apache.org/maven2/org/sonatype/oss/oss-parent/9/oss-parent-9.pom (6.6 kB at 160 kB/s)
[INFO] Downloading from central: https://repo.maven.apache.org/maven2/org/apache/commons/commons-text/1.10.0/commons-text-1.10.0.pom
[INFO] Downloaded from central: https://repo.maven.apache.org/maven2/org/apache/commons/commons-text/1.10.0/commons-text-1.10.0.pom (21 kB at 563 kB/s)
[INFO] Downloading from central: https://repo.maven.apache.org/maven2/org/apache/commons/commons-parent/54/commons-parent-54.pom
[INFO] Downloaded from central: https://repo.maven.apache.org/maven2/org/apache/commons/commons-parent/54/commons-parent-54.pom (82 kB at 1.7 MB/s)
[INFO] Downloading from central: https://repo.maven.apache.org/maven2/org/apache/apache/27/apache-27.pom
[INFO] Downloaded from central: https://repo.maven.apache.org/maven2/org/apache/apache/27/apache-27.pom (20 kB at 550 kB/s)
[INFO] Downloading from central: https://repo.maven.apache.org/maven2/org/junit/junit-bom/5.9.1/junit-bom-5.9.1.pom
[INFO] Downloaded from central: https://repo.maven.apache.org/maven2/org/junit/junit-bom/5.9.1/junit-bom-5.9.1.pom (5.6 kB at 152 kB/s)
[INFO] Downloading from central: https://repo.maven.apache.org/maven2/org/apache/commons/commons-lang3/3.12.0/commons-lang3-3.12.0.pom
[INFO] Downloaded from central: https://repo.maven.apache.org/maven2/org/apache/commons/commons-lang3/3.12.0/commons-lang3-3.12.0.pom (31 kB at 807 kB/s)
[INFO] Downloading from central: https://repo.maven.apache.org/maven2/org/junit/junit-bom/5.7.1/junit-bom-5.7.1.pom
[INFO] Downloaded from central: https://repo.maven.apache.org/maven2/org/junit/junit-bom/5.7.1/junit-bom-5.7.1.pom (5.1 kB at 150 kB/s)
[INFO] Downloading from central: https://repo.maven.apache.org/maven2/org/tinyjee/jgraphx/jgraphx/2.0.0.1/jgraphx-2.0.0.1.pom
[INFO] Downloaded from central: https://repo.maven.apache.org/maven2/org/tinyjee/jgraphx/jgraphx/2.0.0.1/jgraphx-2.0.0.1.pom (8.8 kB at 192 kB/s)
[INFO] Downloading from central: https://repo.maven.apache.org/maven2/org/reflections/reflections/0.10.2/reflections-0.10.2.pom
[INFO] Downloaded from central: https://repo.maven.apache.org/maven2/org/reflections/reflections/0.10.2/reflections-0.10.2.pom (9.3 kB at 203 kB/s)
[INFO] Downloading from central: https://repo.maven.apache.org/maven2/org/javassist/javassist/3.28.0-GA/javassist-3.28.0-GA.pom
[INFO] Downloaded from central: https://repo.maven.apache.org/maven2/org/javassist/javassist/3.28.0-GA/javassist-3.28.0-GA.pom (11 kB at 270 kB/s)
[INFO] Downloading from central: https://repo.maven.apache.org/maven2/com/google/code/findbugs/jsr305/3.0.2/jsr305-3.0.2.pom
[INFO] Downloaded from central: https://repo.maven.apache.org/maven2/com/google/code/findbugs/jsr305/3.0.2/jsr305-3.0.2.pom (4.3 kB at 110 kB/s)
[INFO] Downloading from central: https://repo.maven.apache.org/maven2/org/slf4j/slf4j-api/1.7.32/slf4j-api-1.7.32.pom
[INFO] Downloaded from central: https://repo.maven.apache.org/maven2/org/slf4j/slf4j-api/1.7.32/slf4j-api-1.7.32.pom (3.8 kB at 116 kB/s)
[INFO] Downloading from central: https://repo.maven.apache.org/maven2/org/slf4j/slf4j-parent/1.7.32/slf4j-parent-1.7.32.pom
[INFO] Downloaded from central: https://repo.maven.apache.org/maven2/org/slf4j/slf4j-parent/1.7.32/slf4j-parent-1.7.32.pom (14 kB at 373 kB/s)
[INFO] Downloading from central: https://repo.maven.apache.org/maven2/io/github/classgraph/classgraph/4.8.157/classgraph-4.8.157.pom
[INFO] Downloaded from central: https://repo.maven.apache.org/maven2/io/github/classgraph/classgraph/4.8.157/classgraph-4.8.157.pom (30 kB at 678 kB/s)
[INFO] Downloading from central: https://repo.maven.apache.org/maven2/com/googlecode/gentyref/gentyref/1.2.0/gentyref-1.2.0.pom
[INFO] Downloaded from central: https://repo.maven.apache.org/maven2/com/googlecode/gentyref/gentyref/1.2.0/gentyref-1.2.0.pom (4.3 kB at 91 kB/s)
[INFO] Downloading from central: https://repo.maven.apache.org/maven2/org/apache/commons/commons-text/1.14.0/commons-text-1.14.0.pom
[INFO] Downloaded from central: https://repo.maven.apache.org/maven2/org/apache/commons/commons-text/1.14.0/commons-text-1.14.0.pom (23 kB at 618 kB/s)
[INFO] Downloading from central: https://repo.maven.apache.org/maven2/org/apache/commons/commons-parent/85/commons-parent-85.pom
[INFO] Downloaded from central: https://repo.maven.apache.org/maven2/org/apache/commons/commons-parent/85/commons-parent-85.pom (78 kB at 1.7 MB/s)
[INFO] Downloading from central: https://repo.maven.apache.org/maven2/org/apache/apache/35/apache-35.pom
[INFO] Downloaded from central: https://repo.maven.apache.org/maven2/org/apache/apache/35/apache-35.pom (24 kB at 606 kB/s)
[INFO] Downloading from central: https://repo.maven.apache.org/maven2/org/junit/junit-bom/5.13.1/junit-bom-5.13.1.pom
[INFO] Downloaded from central: https://repo.maven.apache.org/maven2/org/junit/junit-bom/5.13.1/junit-bom-5.13.1.pom (5.6 kB at 138 kB/s)
[INFO] Downloading from central: https://repo.maven.apache.org/maven2/org/apache/commons/commons-lang3/3.18.0/commons-lang3-3.18.0.pom
[INFO] Downloaded from central: https://repo.maven.apache.org/maven2/org/apache/commons/commons-lang3/3.18.0/commons-lang3-3.18.0.pom (32 kB at 628 kB/s)
[INFO] Downloading from central: https://repo.maven.apache.org/maven2/com/google/guava/guava/33.4.0-jre/guava-33.4.0-jre.pom
[INFO] Downloaded from central: https://repo.maven.apache.org/maven2/com/google/guava/guava/33.4.0-jre/guava-33.4.0-jre.pom (8.8 kB at 209 kB/s)
[INFO] Downloading from central: https://repo.maven.apache.org/maven2/com/google/guava/guava-parent/33.4.0-jre/guava-parent-33.4.0-jre.pom
[INFO] Downloaded from central: https://repo.maven.apache.org/maven2/com/google/guava/guava-parent/33.4.0-jre/guava-parent-33.4.0-jre.pom (21 kB at 515 kB/s)
[INFO] Downloading from central: https://repo.maven.apache.org/maven2/com/google/guava/failureaccess/1.0.2/failureaccess-1.0.2.pom
[INFO] Downloaded from central: https://repo.maven.apache.org/maven2/com/google/guava/failureaccess/1.0.2/failureaccess-1.0.2.pom (3.3 kB at 80 kB/s)
[INFO] Downloading from central: https://repo.maven.apache.org/maven2/com/google/guava/guava-parent/26.0-android/guava-parent-26.0-android.pom
[INFO] Downloaded from central: https://repo.maven.apache.org/maven2/com/google/guava/guava-parent/26.0-android/guava-parent-26.0-android.pom (10 kB at 248 kB/s)
[INFO] Downloading from central: https://repo.maven.apache.org/maven2/com/google/guava/listenablefuture/9999.0-empty-to-avoid-conflict-with-guava/listenablefuture-9999.0-empty-to-avoid-conflict-with-guava.pom
[INFO] Downloaded from central: https://repo.maven.apache.org/maven2/com/google/guava/listenablefuture/9999.0-empty-to-avoid-conflict-with-guava/listenablefuture-9999.0-empty-to-avoid-conflict-with-guava.pom (2.3 kB at 46 kB/s)
[INFO] Downloading from central: https://repo.maven.apache.org/maven2/org/checkerframework/checker-qual/3.43.0/checker-qual-3.43.0.pom
[INFO] Downloaded from central: https://repo.maven.apache.org/maven2/org/checkerframework/checker-qual/3.43.0/checker-qual-3.43.0.pom (2.1 kB at 36 kB/s)
[INFO] Downloading from central: https://repo.maven.apache.org/maven2/com/google/errorprone/error_prone_annotations/2.36.0/error_prone_annotations-2.36.0.pom
[INFO] Downloaded from central: https://repo.maven.apache.org/maven2/com/google/errorprone/error_prone_annotations/2.36.0/error_prone_annotations-2.36.0.pom (4.3 kB at 83 kB/s)
[INFO] Downloading from central: https://repo.maven.apache.org/maven2/com/google/errorprone/error_prone_parent/2.36.0/error_prone_parent-2.36.0.pom
[INFO] Downloaded from central: https://repo.maven.apache.org/maven2/com/google/errorprone/error_prone_parent/2.36.0/error_prone_parent-2.36.0.pom (16 kB at 172 kB/s)
[INFO] Downloading from central: https://repo.maven.apache.org/maven2/com/google/j2objc/j2objc-annotations/3.0.0/j2objc-annotations-3.0.0.pom
[INFO] Downloaded from central: https://repo.maven.apache.org/maven2/com/google/j2objc/j2objc-annotations/3.0.0/j2objc-annotations-3.0.0.pom (5.1 kB at 77 kB/s)
[INFO] Downloading from central: https://repo.maven.apache.org/maven2/com/google/googlejavaformat/google-java-format/1.3/google-java-format-1.3.pom
[INFO] Downloaded from central: https://repo.maven.apache.org/maven2/com/google/googlejavaformat/google-java-format/1.3/google-java-format-1.3.pom (6.5 kB at 136 kB/s)
[INFO] Downloading from central: https://repo.maven.apache.org/maven2/com/google/googlejavaformat/google-java-format-parent/1.3/google-java-format-parent-1.3.pom
[INFO] Downloaded from central: https://repo.maven.apache.org/maven2/com/google/googlejavaformat/google-java-format-parent/1.3/google-java-format-parent-1.3.pom (8.7 kB at 189 kB/s)
[INFO] Downloading from central: https://repo.maven.apache.org/maven2/com/google/guava/guava/19.0/guava-19.0.pom
[INFO] Downloaded from central: https://repo.maven.apache.org/maven2/com/google/guava/guava/19.0/guava-19.0.pom (6.8 kB at 166 kB/s)
[INFO] Downloading from central: https://repo.maven.apache.org/maven2/com/google/guava/guava-parent/19.0/guava-parent-19.0.pom
[INFO] Downloaded from central: https://repo.maven.apache.org/maven2/com/google/guava/guava-parent/19.0/guava-parent-19.0.pom (9.9 kB at 235 kB/s)
[INFO] Downloading from central: https://repo.maven.apache.org/maven2/com/google/errorprone/javac/9-dev-r3297-1-shaded/javac-9-dev-r3297-1-shaded.pom
[INFO] Downloaded from central: https://repo.maven.apache.org/maven2/com/google/errorprone/javac/9-dev-r3297-1-shaded/javac-9-dev-r3297-1-shaded.pom (1.2 kB at 22 kB/s)
[INFO] Downloading from central: https://repo.maven.apache.org/maven2/com/intellij/annotations/12.0/annotations-12.0.pom
[INFO] Downloaded from central: https://repo.maven.apache.org/maven2/com/intellij/annotations/12.0/annotations-12.0.pom (1.6 kB at 36 kB/s)
[INFO] Downloading from central: https://repo.maven.apache.org/maven2/com/fluxtion/csv-compiler/csv-compiler/0.2.0/csv-compiler-0.2.0.pom
[INFO] Downloaded from central: https://repo.maven.apache.org/maven2/com/fluxtion/csv-compiler/csv-compiler/0.2.0/csv-compiler-0.2.0.pom (1.3 kB at 31 kB/s)
[INFO] Downloading from central: https://repo.maven.apache.org/maven2/com/fluxtion/csv-compiler/csv-compiler-parentpom/0.2.0/csv-compiler-parentpom-0.2.0.pom
[INFO] Downloaded from central: https://repo.maven.apache.org/maven2/com/fluxtion/csv-compiler/csv-compiler-parentpom/0.2.0/csv-compiler-parentpom-0.2.0.pom (9.5 kB at 239 kB/s)
[INFO] Downloading from central: https://repo.maven.apache.org/maven2/commons-io/commons-io/2.20.0/commons-io-2.20.0.pom
[INFO] Downloaded from central: https://repo.maven.apache.org/maven2/commons-io/commons-io/2.20.0/commons-io-2.20.0.pom (20 kB at 455 kB/s)
[INFO] Downloading from central: https://repo.maven.apache.org/maven2/org/springframework/spring-context/5.3.29/spring-context-5.3.29.pom
[INFO] Downloaded from central: https://repo.maven.apache.org/maven2/org/springframework/spring-context/5.3.29/spring-context-5.3.29.pom (2.6 kB at 66 kB/s)
[INFO] Downloading from central: https://repo.maven.apache.org/maven2/org/springframework/spring-aop/5.3.29/spring-aop-5.3.29.pom
[INFO] Downloaded from central: https://repo.maven.apache.org/maven2/org/springframework/spring-aop/5.3.29/spring-aop-5.3.29.pom (2.2 kB at 52 kB/s)
[INFO] Downloading from central: https://repo.maven.apache.org/maven2/org/springframework/spring-beans/5.3.29/spring-beans-5.3.29.pom
[INFO] Downloaded from central: https://repo.maven.apache.org/maven2/org/springframework/spring-beans/5.3.29/spring-beans-5.3.29.pom (2.0 kB at 48 kB/s)
[INFO] Downloading from central: https://repo.maven.apache.org/maven2/org/springframework/spring-core/5.3.29/spring-core-5.3.29.pom
[INFO] Downloaded from central: https://repo.maven.apache.org/maven2/org/springframework/spring-core/5.3.29/spring-core-5.3.29.pom (2.0 kB at 52 kB/s)
[INFO] Downloading from central: https://repo.maven.apache.org/maven2/org/springframework/spring-jcl/5.3.29/spring-jcl-5.3.29.pom
[INFO] Downloaded from central: https://repo.maven.apache.org/maven2/org/springframework/spring-jcl/5.3.29/spring-jcl-5.3.29.pom (1.8 kB at 31 kB/s)
[INFO] Downloading from central: https://repo.maven.apache.org/maven2/org/springframework/spring-expression/5.3.29/spring-expression-5.3.29.pom
[INFO] Downloaded from central: https://repo.maven.apache.org/maven2/org/springframework/spring-expression/5.3.29/spring-expression-5.3.29.pom (2.1 kB at 25 kB/s)
[INFO] Downloading from central: https://repo.maven.apache.org/maven2/org/slf4j/slf4j-simple/2.0.16/slf4j-simple-2.0.16.pom
[INFO] Downloaded from central: https://repo.maven.apache.org/maven2/org/slf4j/slf4j-simple/2.0.16/slf4j-simple-2.0.16.pom (1.3 kB at 19 kB/s)
[INFO] Downloading from central: https://repo.maven.apache.org/maven2/com/telamin/mongoose-test-support/1.0.43/mongoose-test-support-1.0.43.pom
[INFO] Downloading from repsy-fluxtion-public: https://repo.repsy.io/mvn/fluxtion/fluxtion-public/com/telamin/mongoose-test-support/1.0.43/mongoose-test-support-1.0.43.pom
[INFO] Downloaded from repsy-fluxtion-public: https://repo.repsy.io/mvn/fluxtion/fluxtion-public/com/telamin/mongoose-test-support/1.0.43/mongoose-test-support-1.0.43.pom (2.1 kB at 2.9 kB/s)
[INFO] Downloading from central: https://repo.maven.apache.org/maven2/org/junit/jupiter/junit-jupiter/5.11.4/junit-jupiter-5.11.4.pom
[INFO] Downloaded from central: https://repo.maven.apache.org/maven2/org/junit/jupiter/junit-jupiter/5.11.4/junit-jupiter-5.11.4.pom (3.2 kB at 63 kB/s)
[INFO] Downloading from central: https://repo.maven.apache.org/maven2/org/junit/junit-bom/5.11.4/junit-bom-5.11.4.pom
[INFO] Downloaded from central: https://repo.maven.apache.org/maven2/org/junit/junit-bom/5.11.4/junit-bom-5.11.4.pom (5.6 kB at 126 kB/s)
[INFO] Downloading from central: https://repo.maven.apache.org/maven2/org/junit/jupiter/junit-jupiter-api/5.11.4/junit-jupiter-api-5.11.4.pom
[INFO] Downloaded from central: https://repo.maven.apache.org/maven2/org/junit/jupiter/junit-jupiter-api/5.11.4/junit-jupiter-api-5.11.4.pom (3.2 kB at 69 kB/s)
[INFO] Downloading from central: https://repo.maven.apache.org/maven2/org/opentest4j/opentest4j/1.3.0/opentest4j-1.3.0.pom
[INFO] Downloaded from central: https://repo.maven.apache.org/maven2/org/opentest4j/opentest4j/1.3.0/opentest4j-1.3.0.pom (2.0 kB at 54 kB/s)
[INFO] Downloading from central: https://repo.maven.apache.org/maven2/org/junit/platform/junit-platform-commons/1.11.4/junit-platform-commons-1.11.4.pom
[INFO] Downloaded from central: https://repo.maven.apache.org/maven2/org/junit/platform/junit-platform-commons/1.11.4/junit-platform-commons-1.11.4.pom (2.8 kB at 73 kB/s)
[INFO] Downloading from central: https://repo.maven.apache.org/maven2/org/apiguardian/apiguardian-api/1.1.2/apiguardian-api-1.1.2.pom
[INFO] Downloaded from central: https://repo.maven.apache.org/maven2/org/apiguardian/apiguardian-api/1.1.2/apiguardian-api-1.1.2.pom (1.5 kB at 44 kB/s)
[INFO] Downloading from central: https://repo.maven.apache.org/maven2/org/junit/jupiter/junit-jupiter-params/5.11.4/junit-jupiter-params-5.11.4.pom
[INFO] Downloaded from central: https://repo.maven.apache.org/maven2/org/junit/jupiter/junit-jupiter-params/5.11.4/junit-jupiter-params-5.11.4.pom (3.0 kB at 68 kB/s)
[INFO] Downloading from central: https://repo.maven.apache.org/maven2/org/junit/jupiter/junit-jupiter-engine/5.11.4/junit-jupiter-engine-5.11.4.pom
[INFO] Downloaded from central: https://repo.maven.apache.org/maven2/org/junit/jupiter/junit-jupiter-engine/5.11.4/junit-jupiter-engine-5.11.4.pom (3.2 kB at 71 kB/s)
[INFO] Downloading from central: https://repo.maven.apache.org/maven2/org/junit/platform/junit-platform-engine/1.11.4/junit-platform-engine-1.11.4.pom
[INFO] Downloaded from central: https://repo.maven.apache.org/maven2/org/junit/platform/junit-platform-engine/1.11.4/junit-platform-engine-1.11.4.pom (3.2 kB at 68 kB/s)
[INFO] Downloading from central: https://repo.maven.apache.org/maven2/com/telamin/mongoose/1.0.29/mongoose-1.0.29.jar
[INFO] Downloaded from central: https://repo.maven.apache.org/maven2/com/telamin/mongoose/1.0.29/mongoose-1.0.29.jar (289 kB at 1.2 MB/s)
[INFO] Downloading from central: https://repo.maven.apache.org/maven2/com/telamin/fluxtion/fluxtion-runtime/1.0.16/fluxtion-runtime-1.0.16.jar
[INFO] Downloading from central: https://repo.maven.apache.org/maven2/org/agrona/agrona/2.3.0/agrona-2.3.0.jar
[INFO] Downloading from central: https://repo.maven.apache.org/maven2/org/yaml/snakeyaml/2.5/snakeyaml-2.5.jar
[INFO] Downloading from central: https://repo.maven.apache.org/maven2/net/openhft/chronicle-queue/5.27ea0/chronicle-queue-5.27ea0.jar
[INFO] Downloading from central: https://repo.maven.apache.org/maven2/org/hdrhistogram/HdrHistogram/2.2.2/HdrHistogram-2.2.2.jar
[INFO] Downloaded from central: https://repo.maven.apache.org/maven2/org/yaml/snakeyaml/2.5/snakeyaml-2.5.jar (340 kB at 6.3 MB/s)
[INFO] Downloading from central: https://repo.maven.apache.org/maven2/net/openhft/chronicle-core/2.27ea0/chronicle-core-2.27ea0.jar
[INFO] Downloaded from central: https://repo.maven.apache.org/maven2/org/hdrhistogram/HdrHistogram/2.2.2/HdrHistogram-2.2.2.jar (177 kB at 2.1 MB/s)
[INFO] Downloading from central: https://repo.maven.apache.org/maven2/net/openhft/posix/2.27ea0/posix-2.27ea0.jar
[INFO] Downloaded from central: https://repo.maven.apache.org/maven2/net/openhft/chronicle-core/2.27ea0/chronicle-core-2.27ea0.jar (408 kB at 4.2 MB/s)
[INFO] Downloading from central: https://repo.maven.apache.org/maven2/net/java/dev/jna/jna/5.8.0/jna-5.8.0.jar
[INFO] Downloaded from central: https://repo.maven.apache.org/maven2/org/agrona/agrona/2.3.0/agrona-2.3.0.jar (492 kB at 4.1 MB/s)
[INFO] Downloading from central: https://repo.maven.apache.org/maven2/net/java/dev/jna/jna-platform/5.8.0/jna-platform-5.8.0.jar
[INFO] Downloaded from central: https://repo.maven.apache.org/maven2/net/openhft/posix/2.27ea0/posix-2.27ea0.jar (38 kB at 280 kB/s)
[INFO] Downloading from central: https://repo.maven.apache.org/maven2/com/github/jnr/jnr-ffi/2.2.15/jnr-ffi-2.2.15.jar
[INFO] Downloaded from central: https://repo.maven.apache.org/maven2/net/java/dev/jna/jna/5.8.0/jna-5.8.0.jar (1.7 MB at 7.3 MB/s)
[INFO] Downloading from central: https://repo.maven.apache.org/maven2/com/github/jnr/jffi/1.3.12/jffi-1.3.12.jar
[INFO] Downloaded from central: https://repo.maven.apache.org/maven2/net/java/dev/jna/jna-platform/5.8.0/jna-platform-5.8.0.jar (1.3 MB at 5.2 MB/s)
[INFO] Downloading from central: https://repo.maven.apache.org/maven2/com/github/jnr/jffi/1.3.12/jffi-1.3.12-native.jar
[INFO] Downloading from central: https://repo.maven.apache.org/maven2/org/ow2/asm/asm/9.2/asm-9.2.jar
[INFO] Downloaded from central: https://repo.maven.apache.org/maven2/com/github/jnr/jnr-ffi/2.2.15/jnr-ffi-2.2.15.jar (738 kB at 2.5 MB/s)
[INFO] Downloading from central: https://repo.maven.apache.org/maven2/com/github/jnr/jnr-a64asm/1.0.0/jnr-a64asm-1.0.0.jar
[INFO] Downloaded from central: https://repo.maven.apache.org/maven2/net/openhft/chronicle-queue/5.27ea0/chronicle-queue-5.27ea0.jar (313 kB at 1.1 MB/s)
[INFO] Downloading from central: https://repo.maven.apache.org/maven2/com/github/jnr/jnr-x86asm/1.0.2/jnr-x86asm-1.0.2.jar
[INFO] Downloaded from central: https://repo.maven.apache.org/maven2/com/github/jnr/jffi/1.3.12/jffi-1.3.12.jar (156 kB at 506 kB/s)
[INFO] Downloading from central: https://repo.maven.apache.org/maven2/com/github/jnr/jnr-constants/0.10.4/jnr-constants-0.10.4.jar
[INFO] Downloaded from central: https://repo.maven.apache.org/maven2/com/github/jnr/jnr-a64asm/1.0.0/jnr-a64asm-1.0.0.jar (86 kB at 212 kB/s)
[INFO] Downloading from central: https://repo.maven.apache.org/maven2/net/openhft/chronicle-analytics/2.27ea0/chronicle-analytics-2.27ea0.jar
[INFO] Downloaded from central: https://repo.maven.apache.org/maven2/com/github/jnr/jnr-x86asm/1.0.2/jnr-x86asm-1.0.2.jar (220 kB at 538 kB/s)
[INFO] Downloading from central: https://repo.maven.apache.org/maven2/net/openhft/chronicle-bytes/2.27ea0/chronicle-bytes-2.27ea0.jar
[INFO] Downloaded from central: https://repo.maven.apache.org/maven2/com/github/jnr/jffi/1.3.12/jffi-1.3.12-native.jar (1.0 MB at 2.5 MB/s)
[INFO] Downloading from central: https://repo.maven.apache.org/maven2/net/openhft/chronicle-wire/2.27ea0/chronicle-wire-2.27ea0.jar
[INFO] Downloaded from central: https://repo.maven.apache.org/maven2/org/ow2/asm/asm/9.2/asm-9.2.jar (122 kB at 281 kB/s)
[INFO] Downloading from central: https://repo.maven.apache.org/maven2/net/openhft/compiler/2.27ea0/compiler-2.27ea0.jar
[INFO] Downloaded from central: https://repo.maven.apache.org/maven2/com/github/jnr/jnr-constants/0.10.4/jnr-constants-0.10.4.jar (1.6 MB at 3.4 MB/s)
[INFO] Downloading from central: https://repo.maven.apache.org/maven2/net/openhft/chronicle-threads/2.27ea0/chronicle-threads-2.27ea0.jar
[INFO] Downloaded from central: https://repo.maven.apache.org/maven2/net/openhft/chronicle-analytics/2.27ea0/chronicle-analytics-2.27ea0.jar (28 kB at 61 kB/s)
[INFO] Downloading from central: https://repo.maven.apache.org/maven2/net/openhft/affinity/3.27ea0/affinity-3.27ea0.jar
[INFO] Downloaded from central: https://repo.maven.apache.org/maven2/net/openhft/chronicle-bytes/2.27ea0/chronicle-bytes-2.27ea0.jar (477 kB at 973 kB/s)
[INFO] Downloading from central: https://repo.maven.apache.org/maven2/commons-cli/commons-cli/1.5.0/commons-cli-1.5.0.jar
[INFO] Downloaded from central: https://repo.maven.apache.org/maven2/net/openhft/chronicle-wire/2.27ea0/chronicle-wire-2.27ea0.jar (818 kB at 1.7 MB/s)
[INFO] Downloading from central: https://repo.maven.apache.org/maven2/com/telamin/svc-admin-web/1.0.43/svc-admin-web-1.0.43.jar
[INFO] Downloaded from central: https://repo.maven.apache.org/maven2/net/openhft/compiler/2.27ea0/compiler-2.27ea0.jar (24 kB at 48 kB/s)
[INFO] Downloading from central: https://repo.maven.apache.org/maven2/io/javalin/javalin/6.3.0/javalin-6.3.0.jar
[INFO] Downloaded from central: https://repo.maven.apache.org/maven2/net/openhft/affinity/3.27ea0/affinity-3.27ea0.jar (83 kB at 165 kB/s)
[INFO] Downloading from central: https://repo.maven.apache.org/maven2/org/eclipse/jetty/jetty-server/11.0.23/jetty-server-11.0.23.jar
[INFO] Downloaded from central: https://repo.maven.apache.org/maven2/net/openhft/chronicle-threads/2.27ea0/chronicle-threads-2.27ea0.jar (99 kB at 192 kB/s)
[INFO] Downloading from central: https://repo.maven.apache.org/maven2/org/eclipse/jetty/jetty-http/11.0.23/jetty-http-11.0.23.jar
[INFO] Downloaded from central: https://repo.maven.apache.org/maven2/commons-cli/commons-cli/1.5.0/commons-cli-1.5.0.jar (58 kB at 112 kB/s)
[INFO] Downloading from central: https://repo.maven.apache.org/maven2/org/eclipse/jetty/jetty-util/11.0.23/jetty-util-11.0.23.jar
[INFO] Downloaded from central: https://repo.maven.apache.org/maven2/org/eclipse/jetty/jetty-util/11.0.23/jetty-util-11.0.23.jar (571 kB at 982 kB/s)
[INFO] Downloading from central: https://repo.maven.apache.org/maven2/org/eclipse/jetty/jetty-io/11.0.23/jetty-io-11.0.23.jar
[INFO] Downloaded from central: https://repo.maven.apache.org/maven2/io/javalin/javalin/6.3.0/javalin-6.3.0.jar (787 kB at 1.3 MB/s)
[INFO] Downloading from central: https://repo.maven.apache.org/maven2/org/eclipse/jetty/toolchain/jetty-jakarta-servlet-api/5.0.2/jetty-jakarta-servlet-api-5.0.2.jar
[INFO] Downloaded from central: https://repo.maven.apache.org/maven2/org/eclipse/jetty/jetty-http/11.0.23/jetty-http-11.0.23.jar (273 kB at 453 kB/s)
[INFO] Downloading from central: https://repo.maven.apache.org/maven2/org/eclipse/jetty/websocket/websocket-jetty-server/11.0.23/websocket-jetty-server-11.0.23.jar
[INFO] Downloaded from central: https://repo.maven.apache.org/maven2/org/eclipse/jetty/jetty-io/11.0.23/jetty-io-11.0.23.jar (222 kB at 358 kB/s)
[INFO] Downloading from central: https://repo.maven.apache.org/maven2/org/eclipse/jetty/jetty-servlet/11.0.23/jetty-servlet-11.0.23.jar
[INFO] Downloaded from central: https://repo.maven.apache.org/maven2/org/eclipse/jetty/jetty-server/11.0.23/jetty-server-11.0.23.jar (797 kB at 1.3 MB/s)
[INFO] Downloading from central: https://repo.maven.apache.org/maven2/org/eclipse/jetty/jetty-security/11.0.23/jetty-security-11.0.23.jar
[INFO] Downloaded from central: https://repo.maven.apache.org/maven2/org/eclipse/jetty/jetty-servlet/11.0.23/jetty-servlet-11.0.23.jar (166 kB at 253 kB/s)
[INFO] Downloading from central: https://repo.maven.apache.org/maven2/org/eclipse/jetty/jetty-webapp/11.0.23/jetty-webapp-11.0.23.jar
[INFO] Downloaded from central: https://repo.maven.apache.org/maven2/org/eclipse/jetty/websocket/websocket-jetty-server/11.0.23/websocket-jetty-server-11.0.23.jar (37 kB at 57 kB/s)
[INFO] Downloading from central: https://repo.maven.apache.org/maven2/org/eclipse/jetty/jetty-xml/11.0.23/jetty-xml-11.0.23.jar
[INFO] Downloaded from central: https://repo.maven.apache.org/maven2/org/eclipse/jetty/jetty-security/11.0.23/jetty-security-11.0.23.jar (122 kB at 183 kB/s)
[INFO] Downloading from central: https://repo.maven.apache.org/maven2/org/eclipse/jetty/websocket/websocket-jetty-api/11.0.23/websocket-jetty-api-11.0.23.jar
[INFO] Downloaded from central: https://repo.maven.apache.org/maven2/org/eclipse/jetty/toolchain/jetty-jakarta-servlet-api/5.0.2/jetty-jakarta-servlet-api-5.0.2.jar (605 kB at 898 kB/s)
[INFO] Downloading from central: https://repo.maven.apache.org/maven2/org/eclipse/jetty/websocket/websocket-jetty-common/11.0.23/websocket-jetty-common-11.0.23.jar
[INFO] Downloaded from central: https://repo.maven.apache.org/maven2/org/eclipse/jetty/jetty-webapp/11.0.23/jetty-webapp-11.0.23.jar (159 kB at 232 kB/s)
[INFO] Downloading from central: https://repo.maven.apache.org/maven2/org/eclipse/jetty/websocket/websocket-core-common/11.0.23/websocket-core-common-11.0.23.jar
[INFO] Downloaded from central: https://repo.maven.apache.org/maven2/org/eclipse/jetty/jetty-xml/11.0.23/jetty-xml-11.0.23.jar (74 kB at 105 kB/s)
[INFO] Downloading from central: https://repo.maven.apache.org/maven2/org/eclipse/jetty/websocket/websocket-servlet/11.0.23/websocket-servlet-11.0.23.jar
[INFO] Downloaded from central: https://repo.maven.apache.org/maven2/org/eclipse/jetty/websocket/websocket-jetty-api/11.0.23/websocket-jetty-api-11.0.23.jar (41 kB at 59 kB/s)
[INFO] Downloading from central: https://repo.maven.apache.org/maven2/org/eclipse/jetty/websocket/websocket-core-server/11.0.23/websocket-core-server-11.0.23.jar
[INFO] Downloaded from central: https://repo.maven.apache.org/maven2/org/eclipse/jetty/websocket/websocket-jetty-common/11.0.23/websocket-jetty-common-11.0.23.jar (44 kB at 63 kB/s)
[INFO] Downloading from central: https://repo.maven.apache.org/maven2/org/jetbrains/kotlin/kotlin-stdlib-jdk8/1.9.25/kotlin-stdlib-jdk8-1.9.25.jar
[INFO] Downloaded from central: https://repo.maven.apache.org/maven2/org/eclipse/jetty/websocket/websocket-core-common/11.0.23/websocket-core-common-11.0.23.jar (195 kB at 267 kB/s)
[INFO] Downloading from central: https://repo.maven.apache.org/maven2/org/jetbrains/kotlin/kotlin-stdlib/1.9.25/kotlin-stdlib-1.9.25.jar
[INFO] Downloading from central: https://repo.maven.apache.org/maven2/org/jetbrains/annotations/13.0/annotations-13.0.jar
[INFO] Downloaded from central: https://repo.maven.apache.org/maven2/org/jetbrains/kotlin/kotlin-stdlib-jdk8/1.9.25/kotlin-stdlib-jdk8-1.9.25.jar (967 B at 1.3 kB/s)
[INFO] Downloading from central: https://repo.maven.apache.org/maven2/org/jetbrains/kotlin/kotlin-stdlib-jdk7/1.9.25/kotlin-stdlib-jdk7-1.9.25.jar
[INFO] Downloaded from central: https://repo.maven.apache.org/maven2/org/eclipse/jetty/websocket/websocket-core-server/11.0.23/websocket-core-server-11.0.23.jar (65 kB at 88 kB/s)
[INFO] Downloading from central: https://repo.maven.apache.org/maven2/com/fasterxml/jackson/core/jackson-databind/2.18.3/jackson-databind-2.18.3.jar
[INFO] Downloaded from central: https://repo.maven.apache.org/maven2/org/eclipse/jetty/websocket/websocket-servlet/11.0.23/websocket-servlet-11.0.23.jar (18 kB at 24 kB/s)
[INFO] Downloading from central: https://repo.maven.apache.org/maven2/com/fasterxml/jackson/core/jackson-annotations/2.18.3/jackson-annotations-2.18.3.jar
[INFO] Downloaded from central: https://repo.maven.apache.org/maven2/org/jetbrains/annotations/13.0/annotations-13.0.jar (18 kB at 23 kB/s)
[INFO] Downloaded from central: https://repo.maven.apache.org/maven2/org/jetbrains/kotlin/kotlin-stdlib-jdk7/1.9.25/kotlin-stdlib-jdk7-1.9.25.jar (961 B at 1.3 kB/s)
[INFO] Downloading from central: https://repo.maven.apache.org/maven2/com/fasterxml/jackson/core/jackson-core/2.18.3/jackson-core-2.18.3.jar
[INFO] Downloading from central: https://repo.maven.apache.org/maven2/org/apache/logging/log4j/log4j-api/2.24.3/log4j-api-2.24.3.jar
[INFO] Downloaded from central: https://repo.maven.apache.org/maven2/com/fasterxml/jackson/core/jackson-annotations/2.18.3/jackson-annotations-2.18.3.jar (79 kB at 100 kB/s)
[INFO] Downloading from central: https://repo.maven.apache.org/maven2/org/apache/logging/log4j/log4j-core/2.24.3/log4j-core-2.24.3.jar
[INFO] Downloaded from central: https://repo.maven.apache.org/maven2/org/jetbrains/kotlin/kotlin-stdlib/1.9.25/kotlin-stdlib-1.9.25.jar (1.7 MB at 2.1 MB/s)
[INFO] Downloading from central: https://repo.maven.apache.org/maven2/org/apache/logging/log4j/log4j-jul/2.24.3/log4j-jul-2.24.3.jar
[INFO] Downloaded from central: https://repo.maven.apache.org/maven2/com/fasterxml/jackson/core/jackson-core/2.18.3/jackson-core-2.18.3.jar (598 kB at 726 kB/s)
[INFO] Downloading from central: https://repo.maven.apache.org/maven2/com/telamin/fluxtion/fluxtion-builder/1.0.71/fluxtion-builder-1.0.71.jar
[INFO] Downloaded from central: https://repo.maven.apache.org/maven2/org/apache/logging/log4j/log4j-api/2.24.3/log4j-api-2.24.3.jar (349 kB at 414 kB/s)
[INFO] Downloading from central: https://repo.maven.apache.org/maven2/com/telamin/fluxtion/fluxtion-builder-api/1.0.16/fluxtion-builder-api-1.0.16.jar
[INFO] Downloaded from central: https://repo.maven.apache.org/maven2/org/apache/logging/log4j/log4j-jul/2.24.3/log4j-jul-2.24.3.jar (31 kB at 36 kB/s)
[INFO] Downloading from central: https://repo.maven.apache.org/maven2/org/slf4j/slf4j-api/2.0.17/slf4j-api-2.0.17.jar
[INFO] Downloaded from central: https://repo.maven.apache.org/maven2/org/apache/logging/log4j/log4j-core/2.24.3/log4j-core-2.24.3.jar (1.9 MB at 2.1 MB/s)
[INFO] Downloading from central: https://repo.maven.apache.org/maven2/org/jgrapht/jgrapht-core/1.5.2/jgrapht-core-1.5.2.jar
[INFO] Downloaded from central: https://repo.maven.apache.org/maven2/org/slf4j/slf4j-api/2.0.17/slf4j-api-2.0.17.jar (70 kB at 76 kB/s)
[INFO] Downloading from central: https://repo.maven.apache.org/maven2/org/jheaps/jheaps/0.14/jheaps-0.14.jar
[INFO] Downloaded from central: https://repo.maven.apache.org/maven2/com/fasterxml/jackson/core/jackson-databind/2.18.3/jackson-databind-2.18.3.jar (1.7 MB at 1.8 MB/s)
[INFO] Downloading from central: https://repo.maven.apache.org/maven2/org/apfloat/apfloat/1.10.1/apfloat-1.10.1.jar
[INFO] Downloaded from central: https://repo.maven.apache.org/maven2/org/jheaps/jheaps/0.14/jheaps-0.14.jar (153 kB at 159 kB/s)
[INFO] Downloading from central: https://repo.maven.apache.org/maven2/org/jgrapht/jgrapht-ext/1.5.2/jgrapht-ext-1.5.2.jar
[INFO] Downloaded from central: https://repo.maven.apache.org/maven2/org/jgrapht/jgrapht-ext/1.5.2/jgrapht-ext-1.5.2.jar (5.9 kB at 5.9 kB/s)
[INFO] Downloading from central: https://repo.maven.apache.org/maven2/com/github/vlsi/mxgraph/jgraphx/4.2.2/jgraphx-4.2.2.jar
[INFO] Downloaded from central: https://repo.maven.apache.org/maven2/org/jgrapht/jgrapht-core/1.5.2/jgrapht-core-1.5.2.jar (1.3 MB at 1.3 MB/s)
[INFO] Downloading from central: https://repo.maven.apache.org/maven2/org/jgrapht/jgrapht-io/1.5.2/jgrapht-io-1.5.2.jar
[INFO] Downloaded from central: https://repo.maven.apache.org/maven2/org/apfloat/apfloat/1.10.1/apfloat-1.10.1.jar (556 kB at 541 kB/s)
[INFO] Downloading from central: https://repo.maven.apache.org/maven2/org/antlr/antlr4-runtime/4.12.0/antlr4-runtime-4.12.0.jar
[INFO] Downloaded from central: https://repo.maven.apache.org/maven2/com/github/vlsi/mxgraph/jgraphx/4.2.2/jgraphx-4.2.2.jar (832 kB at 792 kB/s)
[INFO] Downloading from central: https://repo.maven.apache.org/maven2/org/tinyjee/jgraphx/jgraphx/2.0.0.1/jgraphx-2.0.0.1.jar
[INFO] Downloaded from central: https://repo.maven.apache.org/maven2/org/jgrapht/jgrapht-io/1.5.2/jgrapht-io-1.5.2.jar (366 kB at 345 kB/s)
[INFO] Downloading from central: https://repo.maven.apache.org/maven2/org/reflections/reflections/0.10.2/reflections-0.10.2.jar
[INFO] Downloading from central: https://repo.maven.apache.org/maven2/org/javassist/javassist/3.28.0-GA/javassist-3.28.0-GA.jar
[INFO] Downloaded from central: https://repo.maven.apache.org/maven2/org/tinyjee/jgraphx/jgraphx/2.0.0.1/jgraphx-2.0.0.1.jar (820 kB at 741 kB/s)
[INFO] Downloading from central: https://repo.maven.apache.org/maven2/com/google/code/findbugs/jsr305/3.0.2/jsr305-3.0.2.jar
[INFO] Downloading from central: https://repo.maven.apache.org/maven2/io/github/classgraph/classgraph/4.8.157/classgraph-4.8.157.jar
[INFO] Downloaded from central: https://repo.maven.apache.org/maven2/org/reflections/reflections/0.10.2/reflections-0.10.2.jar (130 kB at 117 kB/s)
[INFO] Downloading from central: https://repo.maven.apache.org/maven2/com/googlecode/gentyref/gentyref/1.2.0/gentyref-1.2.0.jar
[INFO] Downloaded from central: https://repo.maven.apache.org/maven2/io/github/classgraph/classgraph/4.8.157/classgraph-4.8.157.jar (564 kB at 489 kB/s)
[INFO] Downloading from central: https://repo.maven.apache.org/maven2/org/apache/commons/commons-text/1.14.0/commons-text-1.14.0.jar
[INFO] Downloaded from central: https://repo.maven.apache.org/maven2/com/googlecode/gentyref/gentyref/1.2.0/gentyref-1.2.0.jar (23 kB at 20 kB/s)
[INFO] Downloading from central: https://repo.maven.apache.org/maven2/org/apache/commons/commons-lang3/3.18.0/commons-lang3-3.18.0.jar
[INFO] Downloaded from central: https://repo.maven.apache.org/maven2/org/antlr/antlr4-runtime/4.12.0/antlr4-runtime-4.12.0.jar (326 kB at 280 kB/s)
[INFO] Downloading from central: https://repo.maven.apache.org/maven2/com/google/guava/guava/33.4.0-jre/guava-33.4.0-jre.jar
[INFO] Downloaded from central: https://repo.maven.apache.org/maven2/org/javassist/javassist/3.28.0-GA/javassist-3.28.0-GA.jar (852 kB at 728 kB/s)
[INFO] Downloading from central: https://repo.maven.apache.org/maven2/com/google/guava/failureaccess/1.0.2/failureaccess-1.0.2.jar
[INFO] Downloaded from central: https://repo.maven.apache.org/maven2/com/google/code/findbugs/jsr305/3.0.2/jsr305-3.0.2.jar (20 kB at 17 kB/s)
[INFO] Downloading from central: https://repo.maven.apache.org/maven2/com/google/guava/listenablefuture/9999.0-empty-to-avoid-conflict-with-guava/listenablefuture-9999.0-empty-to-avoid-conflict-with-guava.jar
[INFO] Downloaded from central: https://repo.maven.apache.org/maven2/org/apache/commons/commons-text/1.14.0/commons-text-1.14.0.jar (260 kB at 216 kB/s)
[INFO] Downloading from central: https://repo.maven.apache.org/maven2/org/checkerframework/checker-qual/3.43.0/checker-qual-3.43.0.jar
[INFO] Downloaded from central: https://repo.maven.apache.org/maven2/com/google/guava/failureaccess/1.0.2/failureaccess-1.0.2.jar (4.7 kB at 3.9 kB/s)
[INFO] Downloading from central: https://repo.maven.apache.org/maven2/com/google/errorprone/error_prone_annotations/2.36.0/error_prone_annotations-2.36.0.jar
[INFO] Downloaded from central: https://repo.maven.apache.org/maven2/com/google/guava/listenablefuture/9999.0-empty-to-avoid-conflict-with-guava/listenablefuture-9999.0-empty-to-avoid-conflict-with-guava.jar (2.2 kB at 1.8 kB/s)
[INFO] Downloading from central: https://repo.maven.apache.org/maven2/com/google/j2objc/j2objc-annotations/3.0.0/j2objc-annotations-3.0.0.jar
[INFO] Downloaded from central: https://repo.maven.apache.org/maven2/org/apache/commons/commons-lang3/3.18.0/commons-lang3-3.18.0.jar (703 kB at 567 kB/s)
[INFO] Downloading from central: https://repo.maven.apache.org/maven2/com/google/googlejavaformat/google-java-format/1.3/google-java-format-1.3.jar
[INFO] Downloaded from central: https://repo.maven.apache.org/maven2/org/checkerframework/checker-qual/3.43.0/checker-qual-3.43.0.jar (232 kB at 186 kB/s)
[INFO] Downloading from central: https://repo.maven.apache.org/maven2/com/google/errorprone/javac/9-dev-r3297-1-shaded/javac-9-dev-r3297-1-shaded.jar
[INFO] Downloaded from central: https://repo.maven.apache.org/maven2/com/google/j2objc/j2objc-annotations/3.0.0/j2objc-annotations-3.0.0.jar (12 kB at 10.0 kB/s)
[INFO] Downloading from central: https://repo.maven.apache.org/maven2/com/intellij/annotations/12.0/annotations-12.0.jar
[INFO] Downloaded from central: https://repo.maven.apache.org/maven2/com/google/errorprone/error_prone_annotations/2.36.0/error_prone_annotations-2.36.0.jar (19 kB at 15 kB/s)
[INFO] Downloading from central: https://repo.maven.apache.org/maven2/com/fluxtion/csv-compiler/csv-compiler/0.2.0/csv-compiler-0.2.0.jar
[INFO] Downloaded from central: https://repo.maven.apache.org/maven2/com/google/googlejavaformat/google-java-format/1.3/google-java-format-1.3.jar (220 kB at 168 kB/s)
[INFO] Downloading from central: https://repo.maven.apache.org/maven2/com/google/auto/service/auto-service-annotations/1.0.1/auto-service-annotations-1.0.1.jar
[INFO] Downloaded from central: https://repo.maven.apache.org/maven2/com/intellij/annotations/12.0/annotations-12.0.jar (20 kB at 15 kB/s)
[INFO] Downloading from central: https://repo.maven.apache.org/maven2/commons-io/commons-io/2.20.0/commons-io-2.20.0.jar
[INFO] Downloaded from central: https://repo.maven.apache.org/maven2/com/fluxtion/csv-compiler/csv-compiler/0.2.0/csv-compiler-0.2.0.jar (93 kB at 68 kB/s)
[INFO] Downloading from central: https://repo.maven.apache.org/maven2/org/springframework/spring-context/5.3.29/spring-context-5.3.29.jar
[INFO] Downloaded from central: https://repo.maven.apache.org/maven2/com/google/auto/service/auto-service-annotations/1.0.1/auto-service-annotations-1.0.1.jar (3.2 kB at 2.3 kB/s)
[INFO] Downloading from central: https://repo.maven.apache.org/maven2/org/springframework/spring-aop/5.3.29/spring-aop-5.3.29.jar
[INFO] Downloaded from central: https://repo.maven.apache.org/maven2/org/springframework/spring-aop/5.3.29/spring-aop-5.3.29.jar (385 kB at 255 kB/s)
[INFO] Downloading from central: https://repo.maven.apache.org/maven2/org/springframework/spring-beans/5.3.29/spring-beans-5.3.29.jar
[INFO] Downloaded from central: https://repo.maven.apache.org/maven2/commons-io/commons-io/2.20.0/commons-io-2.20.0.jar (564 kB at 374 kB/s)
[INFO] Downloading from central: https://repo.maven.apache.org/maven2/org/springframework/spring-core/5.3.29/spring-core-5.3.29.jar
[INFO] Downloaded from central: https://repo.maven.apache.org/maven2/com/google/errorprone/javac/9-dev-r3297-1-shaded/javac-9-dev-r3297-1-shaded.jar (4.1 MB at 2.7 MB/s)
[INFO] Downloaded from central: https://repo.maven.apache.org/maven2/com/google/guava/guava/33.4.0-jre/guava-33.4.0-jre.jar (3.1 MB at 2.0 MB/s)
[INFO] Downloading from central: https://repo.maven.apache.org/maven2/org/springframework/spring-jcl/5.3.29/spring-jcl-5.3.29.jar
[INFO] Downloading from central: https://repo.maven.apache.org/maven2/org/springframework/spring-expression/5.3.29/spring-expression-5.3.29.jar
[INFO] Downloaded from central: https://repo.maven.apache.org/maven2/org/springframework/spring-context/5.3.29/spring-context-5.3.29.jar (1.3 MB at 828 kB/s)
[INFO] Downloading from central: https://repo.maven.apache.org/maven2/org/slf4j/slf4j-simple/2.0.16/slf4j-simple-2.0.16.jar
[INFO] Downloaded from central: https://repo.maven.apache.org/maven2/org/springframework/spring-jcl/5.3.29/spring-jcl-5.3.29.jar (25 kB at 16 kB/s)
[INFO] Downloading from central: https://repo.maven.apache.org/maven2/com/telamin/mongoose-test-support/1.0.43/mongoose-test-support-1.0.43.jar
[INFO] Downloaded from central: https://repo.maven.apache.org/maven2/org/springframework/spring-beans/5.3.29/spring-beans-5.3.29.jar (704 kB at 449 kB/s)
[INFO] Downloading from central: https://repo.maven.apache.org/maven2/org/junit/jupiter/junit-jupiter/5.11.4/junit-jupiter-5.11.4.jar
[INFO] Downloaded from central: https://repo.maven.apache.org/maven2/org/slf4j/slf4j-simple/2.0.16/slf4j-simple-2.0.16.jar (16 kB at 10.0 kB/s)
[INFO] Downloading from central: https://repo.maven.apache.org/maven2/org/junit/jupiter/junit-jupiter-api/5.11.4/junit-jupiter-api-5.11.4.jar
[INFO] Downloaded from central: https://repo.maven.apache.org/maven2/org/junit/jupiter/junit-jupiter/5.11.4/junit-jupiter-5.11.4.jar (6.4 kB at 4.0 kB/s)
[INFO] Downloading from central: https://repo.maven.apache.org/maven2/org/opentest4j/opentest4j/1.3.0/opentest4j-1.3.0.jar
[INFO] Downloaded from central: https://repo.maven.apache.org/maven2/org/springframework/spring-core/5.3.29/spring-core-5.3.29.jar (1.5 MB at 921 kB/s)
[INFO] Downloading from central: https://repo.maven.apache.org/maven2/org/junit/platform/junit-platform-commons/1.11.4/junit-platform-commons-1.11.4.jar
[INFO] Downloaded from central: https://repo.maven.apache.org/maven2/org/springframework/spring-expression/5.3.29/spring-expression-5.3.29.jar (293 kB at 181 kB/s)
[INFO] Downloading from central: https://repo.maven.apache.org/maven2/org/apiguardian/apiguardian-api/1.1.2/apiguardian-api-1.1.2.jar
[INFO] Downloaded from central: https://repo.maven.apache.org/maven2/org/junit/jupiter/junit-jupiter-api/5.11.4/junit-jupiter-api-5.11.4.jar (216 kB at 132 kB/s)
[INFO] Downloading from central: https://repo.maven.apache.org/maven2/org/junit/jupiter/junit-jupiter-params/5.11.4/junit-jupiter-params-5.11.4.jar
[INFO] Downloaded from central: https://repo.maven.apache.org/maven2/org/junit/platform/junit-platform-commons/1.11.4/junit-platform-commons-1.11.4.jar (142 kB at 85 kB/s)
[INFO] Downloading from central: https://repo.maven.apache.org/maven2/org/junit/jupiter/junit-jupiter-engine/5.11.4/junit-jupiter-engine-5.11.4.jar
[INFO] Downloaded from central: https://repo.maven.apache.org/maven2/org/opentest4j/opentest4j/1.3.0/opentest4j-1.3.0.jar (14 kB at 8.5 kB/s)
[INFO] Downloading from central: https://repo.maven.apache.org/maven2/org/junit/platform/junit-platform-engine/1.11.4/junit-platform-engine-1.11.4.jar
[INFO] Downloaded from central: https://repo.maven.apache.org/maven2/org/junit/jupiter/junit-jupiter-params/5.11.4/junit-jupiter-params-5.11.4.jar (592 kB at 349 kB/s)
[INFO] Downloaded from central: https://repo.maven.apache.org/maven2/org/junit/platform/junit-platform-engine/1.11.4/junit-platform-engine-1.11.4.jar (247 kB at 142 kB/s)
[INFO] Downloaded from central: https://repo.maven.apache.org/maven2/org/apiguardian/apiguardian-api/1.1.2/apiguardian-api-1.1.2.jar (6.8 kB at 3.9 kB/s)
[INFO] Downloaded from central: https://repo.maven.apache.org/maven2/org/junit/jupiter/junit-jupiter-engine/5.11.4/junit-jupiter-engine-5.11.4.jar (260 kB at 149 kB/s)
[INFO] Downloading from repsy-fluxtion-public: https://repo.repsy.io/mvn/fluxtion/fluxtion-public/com/telamin/fluxtion/fluxtion-runtime/1.0.16/fluxtion-runtime-1.0.16.jar
[INFO] Downloaded from repsy-fluxtion-public: https://repo.repsy.io/mvn/fluxtion/fluxtion-public/com/telamin/fluxtion/fluxtion-runtime/1.0.16/fluxtion-runtime-1.0.16.jar (716 kB at 535 kB/s)
[INFO] Downloading from repsy-fluxtion-public: https://repo.repsy.io/mvn/fluxtion/fluxtion-public/com/telamin/svc-admin-web/1.0.43/svc-admin-web-1.0.43.jar
[INFO] Downloading from repsy-fluxtion-public: https://repo.repsy.io/mvn/fluxtion/fluxtion-public/com/telamin/fluxtion/fluxtion-builder/1.0.71/fluxtion-builder-1.0.71.jar
[INFO] Downloading from repsy-fluxtion-public: https://repo.repsy.io/mvn/fluxtion/fluxtion-public/com/telamin/fluxtion/fluxtion-builder-api/1.0.16/fluxtion-builder-api-1.0.16.jar
[INFO] Downloading from repsy-fluxtion-public: https://repo.repsy.io/mvn/fluxtion/fluxtion-public/com/telamin/mongoose-test-support/1.0.43/mongoose-test-support-1.0.43.jar
[INFO] Downloaded from repsy-fluxtion-public: https://repo.repsy.io/mvn/fluxtion/fluxtion-public/com/telamin/fluxtion/fluxtion-builder/1.0.71/fluxtion-builder-1.0.71.jar (480 kB at 711 kB/s)
[INFO] Downloaded from repsy-fluxtion-public: https://repo.repsy.io/mvn/fluxtion/fluxtion-public/com/telamin/fluxtion/fluxtion-builder-api/1.0.16/fluxtion-builder-api-1.0.16.jar (209 kB at 208 kB/s)
[INFO] Downloaded from repsy-fluxtion-public: https://repo.repsy.io/mvn/fluxtion/fluxtion-public/com/telamin/mongoose-test-support/1.0.43/mongoose-test-support-1.0.43.jar (7.6 kB at 5.2 kB/s)
[INFO] Downloaded from repsy-fluxtion-public: https://repo.repsy.io/mvn/fluxtion/fluxtion-public/com/telamin/svc-admin-web/1.0.43/svc-admin-web-1.0.43.jar (602 kB at 340 kB/s)
[INFO]
[INFO] --- resources:3.3.1:resources (default-resources) @ preview-preflight ---
[INFO] Downloading from central: https://repo.maven.apache.org/maven2/org/codehaus/plexus/plexus-interpolation/1.26/plexus-interpolation-1.26.pom
[INFO] Downloaded from central: https://repo.maven.apache.org/maven2/org/codehaus/plexus/plexus-interpolation/1.26/plexus-interpolation-1.26.pom (2.7 kB at 88 kB/s)
[INFO] Downloading from central: https://repo.maven.apache.org/maven2/org/codehaus/plexus/plexus/5.1/plexus-5.1.pom
[INFO] Downloaded from central: https://repo.maven.apache.org/maven2/org/codehaus/plexus/plexus/5.1/plexus-5.1.pom (23 kB at 866 kB/s)
[INFO] Downloading from central: https://repo.maven.apache.org/maven2/org/codehaus/plexus/plexus-utils/3.5.1/plexus-utils-3.5.1.pom
[INFO] Downloaded from central: https://repo.maven.apache.org/maven2/org/codehaus/plexus/plexus-utils/3.5.1/plexus-utils-3.5.1.pom (8.8 kB at 337 kB/s)
[INFO] Downloading from central: https://repo.maven.apache.org/maven2/org/codehaus/plexus/plexus/10/plexus-10.pom
[INFO] Downloaded from central: https://repo.maven.apache.org/maven2/org/codehaus/plexus/plexus/10/plexus-10.pom (25 kB at 747 kB/s)
[INFO] Downloading from central: https://repo.maven.apache.org/maven2/org/apache/maven/shared/maven-filtering/3.3.1/maven-filtering-3.3.1.pom
[INFO] Downloaded from central: https://repo.maven.apache.org/maven2/org/apache/maven/shared/maven-filtering/3.3.1/maven-filtering-3.3.1.pom (6.0 kB at 232 kB/s)
[INFO] Downloading from central: https://repo.maven.apache.org/maven2/org/apache/maven/shared/maven-shared-components/39/maven-shared-components-39.pom
[INFO] Downloaded from central: https://repo.maven.apache.org/maven2/org/apache/maven/shared/maven-shared-components/39/maven-shared-components-39.pom (3.2 kB at 146 kB/s)
[INFO] Downloading from central: https://repo.maven.apache.org/maven2/javax/inject/javax.inject/1/javax.inject-1.pom
[INFO] Downloaded from central: https://repo.maven.apache.org/maven2/javax/inject/javax.inject/1/javax.inject-1.pom (612 B at 24 kB/s)
[INFO] Downloading from central: https://repo.maven.apache.org/maven2/org/sonatype/plexus/plexus-build-api/0.0.7/plexus-build-api-0.0.7.pom
[INFO] Downloaded from central: https://repo.maven.apache.org/maven2/org/sonatype/plexus/plexus-build-api/0.0.7/plexus-build-api-0.0.7.pom (3.2 kB at 114 kB/s)
[INFO] Downloading from central: https://repo.maven.apache.org/maven2/org/sonatype/spice/spice-parent/15/spice-parent-15.pom
[INFO] Downloaded from central: https://repo.maven.apache.org/maven2/org/sonatype/spice/spice-parent/15/spice-parent-15.pom (8.4 kB at 334 kB/s)
[INFO] Downloading from central: https://repo.maven.apache.org/maven2/org/sonatype/forge/forge-parent/5/forge-parent-5.pom
[INFO] Downloaded from central: https://repo.maven.apache.org/maven2/org/sonatype/forge/forge-parent/5/forge-parent-5.pom (8.4 kB at 310 kB/s)
[INFO] Downloading from central: https://repo.maven.apache.org/maven2/org/codehaus/plexus/plexus-utils/3.5.0/plexus-utils-3.5.0.pom
[INFO] Downloaded from central: https://repo.maven.apache.org/maven2/org/codehaus/plexus/plexus-utils/3.5.0/plexus-utils-3.5.0.pom (8.0 kB at 320 kB/s)
[INFO] Downloading from central: https://repo.maven.apache.org/maven2/commons-io/commons-io/2.11.0/commons-io-2.11.0.pom
[INFO] Downloaded from central: https://repo.maven.apache.org/maven2/commons-io/commons-io/2.11.0/commons-io-2.11.0.pom (20 kB at 658 kB/s)
[INFO] Downloading from central: https://repo.maven.apache.org/maven2/org/junit/junit-bom/5.7.2/junit-bom-5.7.2.pom
[INFO] Downloaded from central: https://repo.maven.apache.org/maven2/org/junit/junit-bom/5.7.2/junit-bom-5.7.2.pom (5.1 kB at 189 kB/s)
[INFO] Downloading from central: https://repo.maven.apache.org/maven2/org/codehaus/plexus/plexus-interpolation/1.26/plexus-interpolation-1.26.jar
[INFO] Downloaded from central: https://repo.maven.apache.org/maven2/org/codehaus/plexus/plexus-interpolation/1.26/plexus-interpolation-1.26.jar (85 kB at 2.8 MB/s)
[INFO] Downloading from central: https://repo.maven.apache.org/maven2/org/codehaus/plexus/plexus-utils/3.5.1/plexus-utils-3.5.1.jar
[INFO] Downloading from central: https://repo.maven.apache.org/maven2/org/apache/maven/shared/maven-filtering/3.3.1/maven-filtering-3.3.1.jar
[INFO] Downloading from central: https://repo.maven.apache.org/maven2/javax/inject/javax.inject/1/javax.inject-1.jar
[INFO] Downloading from central: https://repo.maven.apache.org/maven2/org/sonatype/plexus/plexus-build-api/0.0.7/plexus-build-api-0.0.7.jar
[INFO] Downloading from central: https://repo.maven.apache.org/maven2/org/slf4j/slf4j-api/1.7.36/slf4j-api-1.7.36.jar
[INFO] Downloaded from central: https://repo.maven.apache.org/maven2/org/codehaus/plexus/plexus-utils/3.5.1/plexus-utils-3.5.1.jar (269 kB at 5.6 MB/s)
[INFO] Downloading from central: https://repo.maven.apache.org/maven2/commons-io/commons-io/2.11.0/commons-io-2.11.0.jar
[INFO] Downloaded from central: https://repo.maven.apache.org/maven2/org/sonatype/plexus/plexus-build-api/0.0.7/plexus-build-api-0.0.7.jar (8.5 kB at 177 kB/s)
[INFO] Downloading from central: https://repo.maven.apache.org/maven2/org/apache/commons/commons-lang3/3.12.0/commons-lang3-3.12.0.jar
[INFO] Downloaded from central: https://repo.maven.apache.org/maven2/org/slf4j/slf4j-api/1.7.36/slf4j-api-1.7.36.jar (41 kB at 839 kB/s)
[INFO] Downloaded from central: https://repo.maven.apache.org/maven2/javax/inject/javax.inject/1/javax.inject-1.jar (2.5 kB at 51 kB/s)
[INFO] Downloaded from central: https://repo.maven.apache.org/maven2/org/apache/maven/shared/maven-filtering/3.3.1/maven-filtering-3.3.1.jar (55 kB at 1.1 MB/s)
[INFO] Downloaded from central: https://repo.maven.apache.org/maven2/org/apache/commons/commons-lang3/3.12.0/commons-lang3-3.12.0.jar (587 kB at 4.6 MB/s)
[INFO] Downloaded from central: https://repo.maven.apache.org/maven2/commons-io/commons-io/2.11.0/commons-io-2.11.0.jar (327 kB at 2.4 MB/s)
[INFO] Copying 1 resource from src/main/fluxtion/designer to target/classes
[INFO] Copying 1 resource from src/main/resources to target/classes
[INFO]
[INFO] --- compiler:3.13.0:compile (default-compile) @ preview-preflight ---
[INFO] Downloading from central: https://repo.maven.apache.org/maven2/org/apache/maven/shared/maven-shared-utils/3.4.2/maven-shared-utils-3.4.2.pom
[INFO] Downloaded from central: https://repo.maven.apache.org/maven2/org/apache/maven/shared/maven-shared-utils/3.4.2/maven-shared-utils-3.4.2.pom (5.9 kB at 164 kB/s)
[INFO] Downloading from central: https://repo.maven.apache.org/maven2/org/apache/maven/shared/maven-shared-incremental/1.1/maven-shared-incremental-1.1.pom
[INFO] Downloaded from central: https://repo.maven.apache.org/maven2/org/apache/maven/shared/maven-shared-incremental/1.1/maven-shared-incremental-1.1.pom (4.7 kB at 128 kB/s)
[INFO] Downloading from central: https://repo.maven.apache.org/maven2/org/apache/maven/shared/maven-shared-components/19/maven-shared-components-19.pom
[INFO] Downloaded from central: https://repo.maven.apache.org/maven2/org/apache/maven/shared/maven-shared-components/19/maven-shared-components-19.pom (6.4 kB at 199 kB/s)
[INFO] Downloading from central: https://repo.maven.apache.org/maven2/org/apache/maven/maven-parent/23/maven-parent-23.pom
[INFO] Downloaded from central: https://repo.maven.apache.org/maven2/org/apache/maven/maven-parent/23/maven-parent-23.pom (33 kB at 931 kB/s)
[INFO] Downloading from central: https://repo.maven.apache.org/maven2/org/apache/apache/13/apache-13.pom
[INFO] Downloaded from central: https://repo.maven.apache.org/maven2/org/apache/apache/13/apache-13.pom (14 kB at 411 kB/s)
[INFO] Downloading from central: https://repo.maven.apache.org/maven2/org/codehaus/plexus/plexus-java/1.2.0/plexus-java-1.2.0.pom
[INFO] Downloaded from central: https://repo.maven.apache.org/maven2/org/codehaus/plexus/plexus-java/1.2.0/plexus-java-1.2.0.pom (4.3 kB at 138 kB/s)
[INFO] Downloading from central: https://repo.maven.apache.org/maven2/org/codehaus/plexus/plexus-languages/1.2.0/plexus-languages-1.2.0.pom
[INFO] Downloaded from central: https://repo.maven.apache.org/maven2/org/codehaus/plexus/plexus-languages/1.2.0/plexus-languages-1.2.0.pom (3.2 kB at 71 kB/s)
[INFO] Downloading from central: https://repo.maven.apache.org/maven2/org/codehaus/plexus/plexus/15/plexus-15.pom
[INFO] Downloaded from central: https://repo.maven.apache.org/maven2/org/codehaus/plexus/plexus/15/plexus-15.pom (28 kB at 479 kB/s)
[INFO] Downloading from central: https://repo.maven.apache.org/maven2/org/junit/junit-bom/5.10.0/junit-bom-5.10.0.pom
[INFO] Downloaded from central: https://repo.maven.apache.org/maven2/org/junit/junit-bom/5.10.0/junit-bom-5.10.0.pom (5.6 kB at 153 kB/s)
[INFO] Downloading from central: https://repo.maven.apache.org/maven2/org/ow2/asm/asm/9.6/asm-9.6.pom
[INFO] Downloaded from central: https://repo.maven.apache.org/maven2/org/ow2/asm/asm/9.6/asm-9.6.pom (2.4 kB at 3.0 kB/s)
[INFO] Downloading from central: https://repo.maven.apache.org/maven2/com/thoughtworks/qdox/qdox/2.0.3/qdox-2.0.3.pom
[INFO] Downloaded from central: https://repo.maven.apache.org/maven2/com/thoughtworks/qdox/qdox/2.0.3/qdox-2.0.3.pom (17 kB at 492 kB/s)
[INFO] Downloading from central: https://repo.maven.apache.org/maven2/org/codehaus/plexus/plexus-compiler-api/2.15.0/plexus-compiler-api-2.15.0.pom
[INFO] Downloaded from central: https://repo.maven.apache.org/maven2/org/codehaus/plexus/plexus-compiler-api/2.15.0/plexus-compiler-api-2.15.0.pom (1.4 kB at 40 kB/s)
[INFO] Downloading from central: https://repo.maven.apache.org/maven2/org/codehaus/plexus/plexus-compiler/2.15.0/plexus-compiler-2.15.0.pom
[INFO] Downloaded from central: https://repo.maven.apache.org/maven2/org/codehaus/plexus/plexus-compiler/2.15.0/plexus-compiler-2.15.0.pom (7.6 kB at 245 kB/s)
[INFO] Downloading from central: https://repo.maven.apache.org/maven2/org/codehaus/plexus/plexus/17/plexus-17.pom
[INFO] Downloaded from central: https://repo.maven.apache.org/maven2/org/codehaus/plexus/plexus/17/plexus-17.pom (28 kB at 909 kB/s)
[INFO] Downloading from central: https://repo.maven.apache.org/maven2/org/codehaus/plexus/plexus-utils/4.0.0/plexus-utils-4.0.0.pom
[INFO] Downloaded from central: https://repo.maven.apache.org/maven2/org/codehaus/plexus/plexus-utils/4.0.0/plexus-utils-4.0.0.pom (8.7 kB at 137 kB/s)
[INFO] Downloading from central: https://repo.maven.apache.org/maven2/org/codehaus/plexus/plexus/13/plexus-13.pom
[INFO] Downloaded from central: https://repo.maven.apache.org/maven2/org/codehaus/plexus/plexus/13/plexus-13.pom (27 kB at 449 kB/s)
[INFO] Downloading from central: https://repo.maven.apache.org/maven2/org/codehaus/plexus/plexus-compiler-manager/2.15.0/plexus-compiler-manager-2.15.0.pom
[INFO] Downloaded from central: https://repo.maven.apache.org/maven2/org/codehaus/plexus/plexus-compiler-manager/2.15.0/plexus-compiler-manager-2.15.0.pom (1.3 kB at 39 kB/s)
[INFO] Downloading from central: https://repo.maven.apache.org/maven2/org/codehaus/plexus/plexus-xml/3.0.0/plexus-xml-3.0.0.pom
[INFO] Downloaded from central: https://repo.maven.apache.org/maven2/org/codehaus/plexus/plexus-xml/3.0.0/plexus-xml-3.0.0.pom (3.7 kB at 104 kB/s)
[INFO] Downloading from central: https://repo.maven.apache.org/maven2/org/codehaus/plexus/plexus-compiler-javac/2.15.0/plexus-compiler-javac-2.15.0.pom
[INFO] Downloaded from central: https://repo.maven.apache.org/maven2/org/codehaus/plexus/plexus-compiler-javac/2.15.0/plexus-compiler-javac-2.15.0.pom (1.3 kB at 34 kB/s)
[INFO] Downloading from central: https://repo.maven.apache.org/maven2/org/codehaus/plexus/plexus-compilers/2.15.0/plexus-compilers-2.15.0.pom
[INFO] Downloaded from central: https://repo.maven.apache.org/maven2/org/codehaus/plexus/plexus-compilers/2.15.0/plexus-compilers-2.15.0.pom (1.6 kB at 47 kB/s)
[INFO] Downloading from central: https://repo.maven.apache.org/maven2/org/apache/maven/shared/maven-shared-utils/3.4.2/maven-shared-utils-3.4.2.jar
[INFO] Downloaded from central: https://repo.maven.apache.org/maven2/org/apache/maven/shared/maven-shared-utils/3.4.2/maven-shared-utils-3.4.2.jar (151 kB at 3.4 MB/s)
[INFO] Downloading from central: https://repo.maven.apache.org/maven2/org/apache/maven/shared/maven-shared-incremental/1.1/maven-shared-incremental-1.1.jar
[INFO] Downloading from central: https://repo.maven.apache.org/maven2/org/codehaus/plexus/plexus-java/1.2.0/plexus-java-1.2.0.jar
[INFO] Downloading from central: https://repo.maven.apache.org/maven2/org/ow2/asm/asm/9.6/asm-9.6.jar
[INFO] Downloading from central: https://repo.maven.apache.org/maven2/com/thoughtworks/qdox/qdox/2.0.3/qdox-2.0.3.jar
[INFO] Downloading from central: https://repo.maven.apache.org/maven2/org/codehaus/plexus/plexus-compiler-api/2.15.0/plexus-compiler-api-2.15.0.jar
[INFO] Downloaded from central: https://repo.maven.apache.org/maven2/org/codehaus/plexus/plexus-java/1.2.0/plexus-java-1.2.0.jar (58 kB at 1.9 MB/s)
[INFO] Downloading from central: https://repo.maven.apache.org/maven2/org/codehaus/plexus/plexus-compiler-manager/2.15.0/plexus-compiler-manager-2.15.0.jar
[INFO] Downloaded from central: https://repo.maven.apache.org/maven2/org/codehaus/plexus/plexus-compiler-api/2.15.0/plexus-compiler-api-2.15.0.jar (29 kB at 786 kB/s)
[INFO] Downloading from central: https://repo.maven.apache.org/maven2/org/codehaus/plexus/plexus-xml/3.0.0/plexus-xml-3.0.0.jar
[INFO] Downloaded from central: https://repo.maven.apache.org/maven2/org/apache/maven/shared/maven-shared-incremental/1.1/maven-shared-incremental-1.1.jar (14 kB at 338 kB/s)
[INFO] Downloading from central: https://repo.maven.apache.org/maven2/org/codehaus/plexus/plexus-compiler-javac/2.15.0/plexus-compiler-javac-2.15.0.jar
[INFO] Downloaded from central: https://repo.maven.apache.org/maven2/org/ow2/asm/asm/9.6/asm-9.6.jar (124 kB at 2.5 MB/s)
[INFO] Downloading from central: https://repo.maven.apache.org/maven2/org/codehaus/plexus/plexus-utils/4.0.0/plexus-utils-4.0.0.jar
[INFO] Downloaded from central: https://repo.maven.apache.org/maven2/com/thoughtworks/qdox/qdox/2.0.3/qdox-2.0.3.jar (334 kB at 5.3 MB/s)
[INFO] Downloaded from central: https://repo.maven.apache.org/maven2/org/codehaus/plexus/plexus-compiler-manager/2.15.0/plexus-compiler-manager-2.15.0.jar (5.2 kB at 83 kB/s)
[INFO] Downloaded from central: https://repo.maven.apache.org/maven2/org/codehaus/plexus/plexus-xml/3.0.0/plexus-xml-3.0.0.jar (93 kB at 1.3 MB/s)
[INFO] Downloaded from central: https://repo.maven.apache.org/maven2/org/codehaus/plexus/plexus-compiler-javac/2.15.0/plexus-compiler-javac-2.15.0.jar (26 kB at 347 kB/s)
[INFO] Downloaded from central: https://repo.maven.apache.org/maven2/org/codehaus/plexus/plexus-utils/4.0.0/plexus-utils-4.0.0.jar (192 kB at 2.1 MB/s)
[INFO] Recompiling the module because of changed dependency.
[INFO] Compiling 10 source files with javac [debug release 21] to target/classes
[INFO] Annotation processing is enabled because one or more processors were found
  on the class path. A future release of javac may disable annotation processing
  unless at least one processor is specified by name (-processor), or a search
  path is specified (--processor-path, --processor-module-path), or annotation
  processing is enabled explicitly (-proc:only, -proc:full).
  Use -Xlint:-options to suppress this message.
  Use -proc:none to disable annotation processing.
[INFO]
[INFO] --- resources:3.3.1:testResources (default-testResources) @ preview-preflight ---
[INFO] skip non existing resourceDirectory <analyser-checkout>/.local-evidence/coldstart-v2-2026-09-20/preflight-supported/working/preview-preflight/src/test/resources
[INFO]
[INFO] --- compiler:3.13.0:testCompile (default-testCompile) @ preview-preflight ---
[INFO] Recompiling the module because of changed dependency.
[INFO] Compiling 1 source file with javac [debug release 21] to target/test-classes
[INFO] Annotation processing is enabled because one or more processors were found
  on the class path. A future release of javac may disable annotation processing
  unless at least one processor is specified by name (-processor), or a search
  path is specified (--processor-path, --processor-module-path), or annotation
  processing is enabled explicitly (-proc:only, -proc:full).
  Use -Xlint:-options to suppress this message.
  Use -proc:none to disable annotation processing.
[INFO]
[INFO] --- surefire:3.2.5:test (default-test) @ preview-preflight ---
[INFO] Downloading from central: https://repo.maven.apache.org/maven2/org/apache/maven/surefire/maven-surefire-common/3.2.5/maven-surefire-common-3.2.5.pom
[INFO] Downloaded from central: https://repo.maven.apache.org/maven2/org/apache/maven/surefire/maven-surefire-common/3.2.5/maven-surefire-common-3.2.5.pom (6.2 kB at 164 kB/s)
[INFO] Downloading from central: https://repo.maven.apache.org/maven2/org/apache/maven/surefire/surefire-api/3.2.5/surefire-api-3.2.5.pom
[INFO] Downloaded from central: https://repo.maven.apache.org/maven2/org/apache/maven/surefire/surefire-api/3.2.5/surefire-api-3.2.5.pom (3.5 kB at 84 kB/s)
[INFO] Downloading from central: https://repo.maven.apache.org/maven2/org/apache/maven/surefire/surefire-logger-api/3.2.5/surefire-logger-api-3.2.5.pom
[INFO] Downloaded from central: https://repo.maven.apache.org/maven2/org/apache/maven/surefire/surefire-logger-api/3.2.5/surefire-logger-api-3.2.5.pom (3.3 kB at 96 kB/s)
[INFO] Downloading from central: https://repo.maven.apache.org/maven2/org/apache/maven/surefire/surefire-shared-utils/3.2.5/surefire-shared-utils-3.2.5.pom
[INFO] Downloaded from central: https://repo.maven.apache.org/maven2/org/apache/maven/surefire/surefire-shared-utils/3.2.5/surefire-shared-utils-3.2.5.pom (4.1 kB at 116 kB/s)
[INFO] Downloading from central: https://repo.maven.apache.org/maven2/org/apache/maven/surefire/surefire-extensions-api/3.2.5/surefire-extensions-api-3.2.5.pom
[INFO] Downloaded from central: https://repo.maven.apache.org/maven2/org/apache/maven/surefire/surefire-extensions-api/3.2.5/surefire-extensions-api-3.2.5.pom (3.3 kB at 81 kB/s)
[INFO] Downloading from central: https://repo.maven.apache.org/maven2/org/apache/maven/surefire/surefire-booter/3.2.5/surefire-booter-3.2.5.pom
[INFO] Downloaded from central: https://repo.maven.apache.org/maven2/org/apache/maven/surefire/surefire-booter/3.2.5/surefire-booter-3.2.5.pom (4.5 kB at 101 kB/s)
[INFO] Downloading from central: https://repo.maven.apache.org/maven2/org/apache/maven/surefire/surefire-extensions-spi/3.2.5/surefire-extensions-spi-3.2.5.pom
[INFO] Downloaded from central: https://repo.maven.apache.org/maven2/org/apache/maven/surefire/surefire-extensions-spi/3.2.5/surefire-extensions-spi-3.2.5.pom (1.8 kB at 31 kB/s)
[INFO] Downloading from central: https://repo.maven.apache.org/maven2/org/eclipse/aether/aether-util/1.0.0.v20140518/aether-util-1.0.0.v20140518.pom
[INFO] Downloaded from central: https://repo.maven.apache.org/maven2/org/eclipse/aether/aether-util/1.0.0.v20140518/aether-util-1.0.0.v20140518.pom (2.2 kB at 50 kB/s)
[INFO] Downloading from central: https://repo.maven.apache.org/maven2/org/eclipse/aether/aether/1.0.0.v20140518/aether-1.0.0.v20140518.pom
[INFO] Downloaded from central: https://repo.maven.apache.org/maven2/org/eclipse/aether/aether/1.0.0.v20140518/aether-1.0.0.v20140518.pom (30 kB at 793 kB/s)
[INFO] Downloading from central: https://repo.maven.apache.org/maven2/org/eclipse/aether/aether-api/1.0.0.v20140518/aether-api-1.0.0.v20140518.pom
[INFO] Downloaded from central: https://repo.maven.apache.org/maven2/org/eclipse/aether/aether-api/1.0.0.v20140518/aether-api-1.0.0.v20140518.pom (1.9 kB at 38 kB/s)
[INFO] Downloading from central: https://repo.maven.apache.org/maven2/org/apache/maven/shared/maven-common-artifact-filters/3.1.1/maven-common-artifact-filters-3.1.1.pom
[INFO] Downloaded from central: https://repo.maven.apache.org/maven2/org/apache/maven/shared/maven-common-artifact-filters/3.1.1/maven-common-artifact-filters-3.1.1.pom (5.8 kB at 105 kB/s)
[INFO] Downloading from central: https://repo.maven.apache.org/maven2/org/apache/maven/shared/maven-shared-components/34/maven-shared-components-34.pom
[INFO] Downloaded from central: https://repo.maven.apache.org/maven2/org/apache/maven/shared/maven-shared-components/34/maven-shared-components-34.pom (5.1 kB at 154 kB/s)
[INFO] Downloading from central: https://repo.maven.apache.org/maven2/org/apache/maven/maven-parent/34/maven-parent-34.pom
[INFO] Downloaded from central: https://repo.maven.apache.org/maven2/org/apache/maven/maven-parent/34/maven-parent-34.pom (43 kB at 1.1 MB/s)
[INFO] Downloading from central: https://repo.maven.apache.org/maven2/org/apache/maven/maven-artifact/3.2.5/maven-artifact-3.2.5.pom
[INFO] Downloaded from central: https://repo.maven.apache.org/maven2/org/apache/maven/maven-artifact/3.2.5/maven-artifact-3.2.5.pom (2.3 kB at 59 kB/s)
[INFO] Downloading from central: https://repo.maven.apache.org/maven2/org/apache/maven/maven/3.2.5/maven-3.2.5.pom
[INFO] Downloaded from central: https://repo.maven.apache.org/maven2/org/apache/maven/maven/3.2.5/maven-3.2.5.pom (22 kB at 589 kB/s)
[INFO] Downloading from central: https://repo.maven.apache.org/maven2/org/apache/maven/maven-parent/25/maven-parent-25.pom
[INFO] Downloaded from central: https://repo.maven.apache.org/maven2/org/apache/maven/maven-parent/25/maven-parent-25.pom (37 kB at 1.0 MB/s)
[INFO] Downloading from central: https://repo.maven.apache.org/maven2/org/apache/apache/15/apache-15.pom
[INFO] Downloaded from central: https://repo.maven.apache.org/maven2/org/apache/apache/15/apache-15.pom (15 kB at 391 kB/s)
[INFO] Downloading from central: https://repo.maven.apache.org/maven2/org/apache/maven/maven-core/3.2.5/maven-core-3.2.5.pom
[INFO] Downloaded from central: https://repo.maven.apache.org/maven2/org/apache/maven/maven-core/3.2.5/maven-core-3.2.5.pom (8.1 kB at 155 kB/s)
[INFO] Downloading from central: https://repo.maven.apache.org/maven2/org/apache/maven/maven-settings/3.2.5/maven-settings-3.2.5.pom
[INFO] Downloaded from central: https://repo.maven.apache.org/maven2/org/apache/maven/maven-settings/3.2.5/maven-settings-3.2.5.pom (2.2 kB at 43 kB/s)
[INFO] Downloading from central: https://repo.maven.apache.org/maven2/org/apache/maven/maven-settings-builder/3.2.5/maven-settings-builder-3.2.5.pom
[INFO] Downloaded from central: https://repo.maven.apache.org/maven2/org/apache/maven/maven-settings-builder/3.2.5/maven-settings-builder-3.2.5.pom (2.6 kB at 58 kB/s)
[INFO] Downloading from central: https://repo.maven.apache.org/maven2/org/codehaus/plexus/plexus-interpolation/1.21/plexus-interpolation-1.21.pom
[INFO] Downloaded from central: https://repo.maven.apache.org/maven2/org/codehaus/plexus/plexus-interpolation/1.21/plexus-interpolation-1.21.pom (1.5 kB at 31 kB/s)
[INFO] Downloading from central: https://repo.maven.apache.org/maven2/org/codehaus/plexus/plexus-components/1.3.1/plexus-components-1.3.1.pom
[INFO] Downloaded from central: https://repo.maven.apache.org/maven2/org/codehaus/plexus/plexus-components/1.3.1/plexus-components-1.3.1.pom (3.1 kB at 93 kB/s)
[INFO] Downloading from central: https://repo.maven.apache.org/maven2/org/codehaus/plexus/plexus/3.3.1/plexus-3.3.1.pom
[INFO] Downloaded from central: https://repo.maven.apache.org/maven2/org/codehaus/plexus/plexus/3.3.1/plexus-3.3.1.pom (20 kB at 435 kB/s)
[INFO] Downloading from central: https://repo.maven.apache.org/maven2/org/sonatype/spice/spice-parent/17/spice-parent-17.pom
[INFO] Downloaded from central: https://repo.maven.apache.org/maven2/org/sonatype/spice/spice-parent/17/spice-parent-17.pom (6.8 kB at 157 kB/s)
[INFO] Downloading from central: https://repo.maven.apache.org/maven2/org/sonatype/forge/forge-parent/10/forge-parent-10.pom
[INFO] Downloaded from central: https://repo.maven.apache.org/maven2/org/sonatype/forge/forge-parent/10/forge-parent-10.pom (14 kB at 238 kB/s)
[INFO] Downloading from central: https://repo.maven.apache.org/maven2/org/codehaus/plexus/plexus-component-annotations/1.5.5/plexus-component-annotations-1.5.5.pom
[INFO] Downloaded from central: https://repo.maven.apache.org/maven2/org/codehaus/plexus/plexus-component-annotations/1.5.5/plexus-component-annotations-1.5.5.pom (815 B at 18 kB/s)
[INFO] Downloading from central: https://repo.maven.apache.org/maven2/org/codehaus/plexus/plexus-containers/1.5.5/plexus-containers-1.5.5.pom
[INFO] Downloaded from central: https://repo.maven.apache.org/maven2/org/codehaus/plexus/plexus-containers/1.5.5/plexus-containers-1.5.5.pom (4.2 kB at 88 kB/s)
[INFO] Downloading from central: https://repo.maven.apache.org/maven2/org/codehaus/plexus/plexus/2.0.7/plexus-2.0.7.pom
[INFO] Downloaded from central: https://repo.maven.apache.org/maven2/org/codehaus/plexus/plexus/2.0.7/plexus-2.0.7.pom (17 kB at 402 kB/s)
[INFO] Downloading from central: https://repo.maven.apache.org/maven2/org/sonatype/plexus/plexus-sec-dispatcher/1.3/plexus-sec-dispatcher-1.3.pom
[INFO] Downloaded from central: https://repo.maven.apache.org/maven2/org/sonatype/plexus/plexus-sec-dispatcher/1.3/plexus-sec-dispatcher-1.3.pom (3.0 kB at 74 kB/s)
[INFO] Downloading from central: https://repo.maven.apache.org/maven2/org/sonatype/spice/spice-parent/12/spice-parent-12.pom
[INFO] Downloaded from central: https://repo.maven.apache.org/maven2/org/sonatype/spice/spice-parent/12/spice-parent-12.pom (6.8 kB at 148 kB/s)
[INFO] Downloading from central: https://repo.maven.apache.org/maven2/org/sonatype/forge/forge-parent/4/forge-parent-4.pom
[INFO] Downloaded from central: https://repo.maven.apache.org/maven2/org/sonatype/forge/forge-parent/4/forge-parent-4.pom (8.4 kB at 254 kB/s)
[INFO] Downloading from central: https://repo.maven.apache.org/maven2/org/sonatype/plexus/plexus-cipher/1.4/plexus-cipher-1.4.pom
[INFO] Downloaded from central: https://repo.maven.apache.org/maven2/org/sonatype/plexus/plexus-cipher/1.4/plexus-cipher-1.4.pom (2.1 kB at 59 kB/s)
[INFO] Downloading from central: https://repo.maven.apache.org/maven2/org/apache/maven/maven-repository-metadata/3.2.5/maven-repository-metadata-3.2.5.pom
[INFO] Downloaded from central: https://repo.maven.apache.org/maven2/org/apache/maven/maven-repository-metadata/3.2.5/maven-repository-metadata-3.2.5.pom (2.2 kB at 66 kB/s)
[INFO] Downloading from central: https://repo.maven.apache.org/maven2/org/apache/maven/maven-plugin-api/3.2.5/maven-plugin-api-3.2.5.pom
[INFO] Downloaded from central: https://repo.maven.apache.org/maven2/org/apache/maven/maven-plugin-api/3.2.5/maven-plugin-api-3.2.5.pom (3.0 kB at 89 kB/s)
[INFO] Downloading from central: https://repo.maven.apache.org/maven2/org/eclipse/sisu/org.eclipse.sisu.plexus/0.9.0.M2/org.eclipse.sisu.plexus-0.9.0.M2.pom
[INFO] Downloaded from central: https://repo.maven.apache.org/maven2/org/eclipse/sisu/org.eclipse.sisu.plexus/0.9.0.M2/org.eclipse.sisu.plexus-0.9.0.M2.pom (15 kB at 416 kB/s)
[INFO] Downloading from central: https://repo.maven.apache.org/maven2/org/eclipse/sisu/sisu-plexus/0.9.0.M2/sisu-plexus-0.9.0.M2.pom
[INFO] Downloaded from central: https://repo.maven.apache.org/maven2/org/eclipse/sisu/sisu-plexus/0.9.0.M2/sisu-plexus-0.9.0.M2.pom (15 kB at 403 kB/s)
[INFO] Downloading from central: https://repo.maven.apache.org/maven2/javax/annotation/javax.annotation-api/1.2/javax.annotation-api-1.2.pom
[INFO] Downloaded from central: https://repo.maven.apache.org/maven2/javax/annotation/javax.annotation-api/1.2/javax.annotation-api-1.2.pom (13 kB at 353 kB/s)
[INFO] Downloading from central: https://repo.maven.apache.org/maven2/net/java/jvnet-parent/3/jvnet-parent-3.pom
[INFO] Downloaded from central: https://repo.maven.apache.org/maven2/net/java/jvnet-parent/3/jvnet-parent-3.pom (4.8 kB at 109 kB/s)
[INFO] Downloading from central: https://repo.maven.apache.org/maven2/javax/enterprise/cdi-api/1.2/cdi-api-1.2.pom
[INFO] Downloaded from central: https://repo.maven.apache.org/maven2/javax/enterprise/cdi-api/1.2/cdi-api-1.2.pom (6.3 kB at 82 kB/s)
[INFO] Downloading from central: https://repo.maven.apache.org/maven2/org/jboss/weld/weld-parent/26/weld-parent-26.pom
[INFO] Downloaded from central: https://repo.maven.apache.org/maven2/org/jboss/weld/weld-parent/26/weld-parent-26.pom (32 kB at 718 kB/s)
[INFO] Downloading from central: https://repo.maven.apache.org/maven2/org/eclipse/sisu/org.eclipse.sisu.inject/0.9.0.M2/org.eclipse.sisu.inject-0.9.0.M2.pom
[INFO] Downloaded from central: https://repo.maven.apache.org/maven2/org/eclipse/sisu/org.eclipse.sisu.inject/0.9.0.M2/org.eclipse.sisu.inject-0.9.0.M2.pom (17 kB at 445 kB/s)
[INFO] Downloading from central: https://repo.maven.apache.org/maven2/org/eclipse/sisu/sisu-inject/0.9.0.M2/sisu-inject-0.9.0.M2.pom
[INFO] Downloaded from central: https://repo.maven.apache.org/maven2/org/eclipse/sisu/sisu-inject/0.9.0.M2/sisu-inject-0.9.0.M2.pom (15 kB at 315 kB/s)
[INFO] Downloading from central: https://repo.maven.apache.org/maven2/org/codehaus/plexus/plexus-component-annotations/2.1.0/plexus-component-annotations-2.1.0.pom
[INFO] Downloaded from central: https://repo.maven.apache.org/maven2/org/codehaus/plexus/plexus-component-annotations/2.1.0/plexus-component-annotations-2.1.0.pom (750 B at 24 kB/s)
[INFO] Downloading from central: https://repo.maven.apache.org/maven2/org/codehaus/plexus/plexus-containers/2.1.0/plexus-containers-2.1.0.pom
[INFO] Downloaded from central: https://repo.maven.apache.org/maven2/org/codehaus/plexus/plexus-containers/2.1.0/plexus-containers-2.1.0.pom (4.8 kB at 150 kB/s)
[INFO] Downloading from central: https://repo.maven.apache.org/maven2/org/codehaus/plexus/plexus-classworlds/2.6.0/plexus-classworlds-2.6.0.pom
[INFO] Downloaded from central: https://repo.maven.apache.org/maven2/org/codehaus/plexus/plexus-classworlds/2.6.0/plexus-classworlds-2.6.0.pom (7.9 kB at 198 kB/s)
[INFO] Downloading from central: https://repo.maven.apache.org/maven2/org/apache/maven/maven-model-builder/3.2.5/maven-model-builder-3.2.5.pom
[INFO] Downloaded from central: https://repo.maven.apache.org/maven2/org/apache/maven/maven-model-builder/3.2.5/maven-model-builder-3.2.5.pom (3.0 kB at 86 kB/s)
[INFO] Downloading from central: https://repo.maven.apache.org/maven2/org/apache/maven/maven-aether-provider/3.2.5/maven-aether-provider-3.2.5.pom
[INFO] Downloaded from central: https://repo.maven.apache.org/maven2/org/apache/maven/maven-aether-provider/3.2.5/maven-aether-provider-3.2.5.pom (4.2 kB at 133 kB/s)
[INFO] Downloading from central: https://repo.maven.apache.org/maven2/org/eclipse/aether/aether-spi/1.0.0.v20140518/aether-spi-1.0.0.v20140518.pom
[INFO] Downloaded from central: https://repo.maven.apache.org/maven2/org/eclipse/aether/aether-spi/1.0.0.v20140518/aether-spi-1.0.0.v20140518.pom (2.1 kB at 50 kB/s)
[INFO] Downloading from central: https://repo.maven.apache.org/maven2/org/eclipse/aether/aether-impl/1.0.0.v20140518/aether-impl-1.0.0.v20140518.pom
[INFO] Downloaded from central: https://repo.maven.apache.org/maven2/org/eclipse/aether/aether-impl/1.0.0.v20140518/aether-impl-1.0.0.v20140518.pom (3.5 kB at 89 kB/s)
[INFO] Downloading from central: https://repo.maven.apache.org/maven2/org/sonatype/sisu/sisu-guice/3.2.3/sisu-guice-3.2.3.pom
[INFO] Downloaded from central: https://repo.maven.apache.org/maven2/org/sonatype/sisu/sisu-guice/3.2.3/sisu-guice-3.2.3.pom (11 kB at 260 kB/s)
[INFO] Downloading from central: https://repo.maven.apache.org/maven2/org/sonatype/sisu/inject/guice-parent/3.2.3/guice-parent-3.2.3.pom
[INFO] Downloaded from central: https://repo.maven.apache.org/maven2/org/sonatype/sisu/inject/guice-parent/3.2.3/guice-parent-3.2.3.pom (13 kB at 299 kB/s)
[INFO] Downloading from central: https://repo.maven.apache.org/maven2/org/sonatype/forge/forge-parent/38/forge-parent-38.pom
[INFO] Downloaded from central: https://repo.maven.apache.org/maven2/org/sonatype/forge/forge-parent/38/forge-parent-38.pom (19 kB at 426 kB/s)
[INFO] Downloading from central: https://repo.maven.apache.org/maven2/aopalliance/aopalliance/1.0/aopalliance-1.0.pom
[INFO] Downloaded from central: https://repo.maven.apache.org/maven2/aopalliance/aopalliance/1.0/aopalliance-1.0.pom (363 B at 9.6 kB/s)
[INFO] Downloading from central: https://repo.maven.apache.org/maven2/com/google/guava/guava/16.0.1/guava-16.0.1.pom
[INFO] Downloaded from central: https://repo.maven.apache.org/maven2/com/google/guava/guava/16.0.1/guava-16.0.1.pom (6.1 kB at 115 kB/s)
[INFO] Downloading from central: https://repo.maven.apache.org/maven2/com/google/guava/guava-parent/16.0.1/guava-parent-16.0.1.pom
[INFO] Downloaded from central: https://repo.maven.apache.org/maven2/com/google/guava/guava-parent/16.0.1/guava-parent-16.0.1.pom (7.3 kB at 188 kB/s)
[INFO] Downloading from central: https://repo.maven.apache.org/maven2/org/codehaus/plexus/plexus-classworlds/2.5.2/plexus-classworlds-2.5.2.pom
[INFO] Downloaded from central: https://repo.maven.apache.org/maven2/org/codehaus/plexus/plexus-classworlds/2.5.2/plexus-classworlds-2.5.2.pom (7.3 kB at 192 kB/s)
[INFO] Downloading from central: https://repo.maven.apache.org/maven2/commons-io/commons-io/2.15.1/commons-io-2.15.1.pom
[INFO] Downloaded from central: https://repo.maven.apache.org/maven2/commons-io/commons-io/2.15.1/commons-io-2.15.1.pom (20 kB at 540 kB/s)
[INFO] Downloading from central: https://repo.maven.apache.org/maven2/org/apache/commons/commons-parent/65/commons-parent-65.pom
[INFO] Downloaded from central: https://repo.maven.apache.org/maven2/org/apache/commons/commons-parent/65/commons-parent-65.pom (78 kB at 1.8 MB/s)
[INFO] Downloading from central: https://repo.maven.apache.org/maven2/org/junit/junit-bom/5.10.1/junit-bom-5.10.1.pom
[INFO] Downloaded from central: https://repo.maven.apache.org/maven2/org/junit/junit-bom/5.10.1/junit-bom-5.10.1.pom (5.6 kB at 149 kB/s)
[INFO] Downloading from central: https://repo.maven.apache.org/maven2/org/apache/maven/surefire/maven-surefire-common/3.2.5/maven-surefire-common-3.2.5.jar
[INFO] Downloaded from central: https://repo.maven.apache.org/maven2/org/apache/maven/surefire/maven-surefire-common/3.2.5/maven-surefire-common-3.2.5.jar (308 kB at 8.1 MB/s)
[INFO] Downloading from central: https://repo.maven.apache.org/maven2/org/apache/maven/surefire/surefire-api/3.2.5/surefire-api-3.2.5.jar
[INFO] Downloading from central: https://repo.maven.apache.org/maven2/org/apache/maven/surefire/surefire-logger-api/3.2.5/surefire-logger-api-3.2.5.jar
[INFO] Downloading from central: https://repo.maven.apache.org/maven2/org/apache/maven/surefire/surefire-extensions-api/3.2.5/surefire-extensions-api-3.2.5.jar
[INFO] Downloading from central: https://repo.maven.apache.org/maven2/org/apache/maven/surefire/surefire-booter/3.2.5/surefire-booter-3.2.5.jar
[INFO] Downloading from central: https://repo.maven.apache.org/maven2/org/apache/maven/surefire/surefire-extensions-spi/3.2.5/surefire-extensions-spi-3.2.5.jar
[INFO] Downloaded from central: https://repo.maven.apache.org/maven2/org/apache/maven/surefire/surefire-extensions-api/3.2.5/surefire-extensions-api-3.2.5.jar (26 kB at 760 kB/s)
[INFO] Downloading from central: https://repo.maven.apache.org/maven2/org/eclipse/aether/aether-util/1.0.0.v20140518/aether-util-1.0.0.v20140518.jar
[INFO] Downloaded from central: https://repo.maven.apache.org/maven2/org/apache/maven/surefire/surefire-logger-api/3.2.5/surefire-logger-api-3.2.5.jar (14 kB at 388 kB/s)
[INFO] Downloading from central: https://repo.maven.apache.org/maven2/org/eclipse/aether/aether-api/1.0.0.v20140518/aether-api-1.0.0.v20140518.jar
[INFO] Downloaded from central: https://repo.maven.apache.org/maven2/org/apache/maven/surefire/surefire-extensions-spi/3.2.5/surefire-extensions-spi-3.2.5.jar (8.2 kB at 190 kB/s)
[INFO] Downloading from central: https://repo.maven.apache.org/maven2/org/apache/maven/shared/maven-common-artifact-filters/3.1.1/maven-common-artifact-filters-3.1.1.jar
[INFO] Downloaded from central: https://repo.maven.apache.org/maven2/org/apache/maven/surefire/surefire-booter/3.2.5/surefire-booter-3.2.5.jar (118 kB at 2.4 MB/s)
[INFO] Downloading from central: https://repo.maven.apache.org/maven2/commons-io/commons-io/2.15.1/commons-io-2.15.1.jar
[INFO] Downloaded from central: https://repo.maven.apache.org/maven2/org/apache/maven/surefire/surefire-api/3.2.5/surefire-api-3.2.5.jar (171 kB at 3.4 MB/s)
[INFO] Downloading from central: https://repo.maven.apache.org/maven2/org/apache/maven/surefire/surefire-shared-utils/3.2.5/surefire-shared-utils-3.2.5.jar
[INFO] Downloaded from central: https://repo.maven.apache.org/maven2/org/eclipse/aether/aether-util/1.0.0.v20140518/aether-util-1.0.0.v20140518.jar (146 kB at 2.3 MB/s)
[INFO] Downloaded from central: https://repo.maven.apache.org/maven2/org/eclipse/aether/aether-api/1.0.0.v20140518/aether-api-1.0.0.v20140518.jar (136 kB at 2.0 MB/s)
[INFO] Downloaded from central: https://repo.maven.apache.org/maven2/org/apache/maven/shared/maven-common-artifact-filters/3.1.1/maven-common-artifact-filters-3.1.1.jar (61 kB at 733 kB/s)
[INFO] Downloaded from central: https://repo.maven.apache.org/maven2/commons-io/commons-io/2.15.1/commons-io-2.15.1.jar (501 kB at 4.5 MB/s)
[INFO] Downloaded from central: https://repo.maven.apache.org/maven2/org/apache/maven/surefire/surefire-shared-utils/3.2.5/surefire-shared-utils-3.2.5.jar (2.4 MB at 15 MB/s)
[INFO] Using auto detected provider org.apache.maven.surefire.junitplatform.JUnitPlatformProvider
[INFO] Downloading from central: https://repo.maven.apache.org/maven2/org/apache/maven/surefire/surefire-junit-platform/3.2.5/surefire-junit-platform-3.2.5.pom
[INFO] Downloaded from central: https://repo.maven.apache.org/maven2/org/apache/maven/surefire/surefire-junit-platform/3.2.5/surefire-junit-platform-3.2.5.pom (4.7 kB at 137 kB/s)
[INFO] Downloading from central: https://repo.maven.apache.org/maven2/org/apache/maven/surefire/surefire-providers/3.2.5/surefire-providers-3.2.5.pom
[INFO] Downloaded from central: https://repo.maven.apache.org/maven2/org/apache/maven/surefire/surefire-providers/3.2.5/surefire-providers-3.2.5.pom (2.6 kB at 82 kB/s)
[INFO] Downloading from central: https://repo.maven.apache.org/maven2/org/apache/maven/surefire/common-java5/3.2.5/common-java5-3.2.5.pom
[INFO] Downloaded from central: https://repo.maven.apache.org/maven2/org/apache/maven/surefire/common-java5/3.2.5/common-java5-3.2.5.pom (2.8 kB at 63 kB/s)
[INFO] Downloading from central: https://repo.maven.apache.org/maven2/org/junit/platform/junit-platform-launcher/1.9.3/junit-platform-launcher-1.9.3.pom
[INFO] Downloaded from central: https://repo.maven.apache.org/maven2/org/junit/platform/junit-platform-launcher/1.9.3/junit-platform-launcher-1.9.3.pom (3.0 kB at 74 kB/s)
[INFO] Downloading from central: https://repo.maven.apache.org/maven2/org/junit/platform/junit-platform-engine/1.9.3/junit-platform-engine-1.9.3.pom
[INFO] Downloaded from central: https://repo.maven.apache.org/maven2/org/junit/platform/junit-platform-engine/1.9.3/junit-platform-engine-1.9.3.pom (3.2 kB at 97 kB/s)
[INFO] Downloading from central: https://repo.maven.apache.org/maven2/org/opentest4j/opentest4j/1.2.0/opentest4j-1.2.0.pom
[INFO] Downloaded from central: https://repo.maven.apache.org/maven2/org/opentest4j/opentest4j/1.2.0/opentest4j-1.2.0.pom (1.7 kB at 67 kB/s)
[INFO] Downloading from central: https://repo.maven.apache.org/maven2/org/junit/platform/junit-platform-commons/1.9.3/junit-platform-commons-1.9.3.pom
[INFO] Downloaded from central: https://repo.maven.apache.org/maven2/org/junit/platform/junit-platform-commons/1.9.3/junit-platform-commons-1.9.3.pom (2.8 kB at 105 kB/s)
[INFO] Downloading from central: https://repo.maven.apache.org/maven2/org/apache/maven/surefire/surefire-junit-platform/3.2.5/surefire-junit-platform-3.2.5.jar
[INFO] Downloaded from central: https://repo.maven.apache.org/maven2/org/apache/maven/surefire/surefire-junit-platform/3.2.5/surefire-junit-platform-3.2.5.jar (27 kB at 876 kB/s)
[INFO] Downloading from central: https://repo.maven.apache.org/maven2/org/apache/maven/surefire/common-java5/3.2.5/common-java5-3.2.5.jar
[INFO] Downloading from central: https://repo.maven.apache.org/maven2/org/junit/platform/junit-platform-launcher/1.9.3/junit-platform-launcher-1.9.3.jar
[INFO] Downloading from central: https://repo.maven.apache.org/maven2/org/junit/platform/junit-platform-engine/1.9.3/junit-platform-engine-1.9.3.jar
[INFO] Downloading from central: https://repo.maven.apache.org/maven2/org/opentest4j/opentest4j/1.2.0/opentest4j-1.2.0.jar
[INFO] Downloading from central: https://repo.maven.apache.org/maven2/org/junit/platform/junit-platform-commons/1.9.3/junit-platform-commons-1.9.3.jar
[INFO] Downloaded from central: https://repo.maven.apache.org/maven2/org/junit/platform/junit-platform-commons/1.9.3/junit-platform-commons-1.9.3.jar (103 kB at 3.0 MB/s)
[INFO] Downloaded from central: https://repo.maven.apache.org/maven2/org/apache/maven/surefire/common-java5/3.2.5/common-java5-3.2.5.jar (18 kB at 418 kB/s)
[INFO] Downloaded from central: https://repo.maven.apache.org/maven2/org/junit/platform/junit-platform-launcher/1.9.3/junit-platform-launcher-1.9.3.jar (169 kB at 3.1 MB/s)
[INFO] Downloaded from central: https://repo.maven.apache.org/maven2/org/junit/platform/junit-platform-engine/1.9.3/junit-platform-engine-1.9.3.jar (189 kB at 3.0 MB/s)
[INFO] Downloaded from central: https://repo.maven.apache.org/maven2/org/opentest4j/opentest4j/1.2.0/opentest4j-1.2.0.jar (7.7 kB at 70 kB/s)
[INFO] Downloading from central: https://repo.maven.apache.org/maven2/org/junit/platform/junit-platform-launcher/1.11.4/junit-platform-launcher-1.11.4.pom
[INFO] Downloaded from central: https://repo.maven.apache.org/maven2/org/junit/platform/junit-platform-launcher/1.11.4/junit-platform-launcher-1.11.4.pom (3.0 kB at 47 kB/s)
[INFO] Downloading from central: https://repo.maven.apache.org/maven2/org/junit/platform/junit-platform-launcher/1.11.4/junit-platform-launcher-1.11.4.jar
[INFO] Downloaded from central: https://repo.maven.apache.org/maven2/org/junit/platform/junit-platform-launcher/1.11.4/junit-platform-launcher-1.11.4.jar (189 kB at 2.3 MB/s)
[INFO]
[INFO] -------------------------------------------------------
[INFO]  T E S T S
[INFO] -------------------------------------------------------
Picked up JAVA_TOOL_OPTIONS: -Duser.home=<analyser-checkout>/.local-evidence/coldstart-v2-2026-09-20/preflight-supported/java-home -Djava.io.tmpdir=<analyser-checkout>/.local-evidence/coldstart-v2-2026-09-20/preflight-supported/tmp
[INFO] Running com.acme.preview.MarketProcessorGraphTest
eventLogRecord:
    eventTime: -1
    logTime: 1789935238415
    groupingId: null
    event: EventLogControlEvent
    eventToString: EventLogConfig{level=null, logRecordProcessor=com.acme.preview.builder.MarketProcessorSupplier$$Lambda/0x00000070010d3688@2f465398, sourceId=null, groupId=null}
    thread: main
    nodeLogs:
    endTime: 1789935238415
[INFO] Tests run: 1, Failures: 0, Errors: 0, Skipped: 0, Time elapsed: 0.030 s -- in com.acme.preview.MarketProcessorGraphTest
[INFO]
[INFO] Results:
[INFO]
[INFO] Tests run: 1, Failures: 0, Errors: 0, Skipped: 0
[INFO]
[INFO]
[INFO] --- jar:3.4.1:jar (default-jar) @ preview-preflight ---
[INFO] Downloading from central: https://repo.maven.apache.org/maven2/org/apache/maven/shared/file-management/3.1.0/file-management-3.1.0.pom
[INFO] Downloaded from central: https://repo.maven.apache.org/maven2/org/apache/maven/shared/file-management/3.1.0/file-management-3.1.0.pom (4.5 kB at 86 kB/s)
[INFO] Downloading from central: https://repo.maven.apache.org/maven2/org/apache/maven/shared/maven-shared-components/36/maven-shared-components-36.pom
[INFO] Downloaded from central: https://repo.maven.apache.org/maven2/org/apache/maven/shared/maven-shared-components/36/maven-shared-components-36.pom (4.9 kB at 102 kB/s)
[INFO] Downloading from central: https://repo.maven.apache.org/maven2/org/apache/maven/maven-parent/36/maven-parent-36.pom
[INFO] Downloaded from central: https://repo.maven.apache.org/maven2/org/apache/maven/maven-parent/36/maven-parent-36.pom (45 kB at 874 kB/s)
[INFO] Downloading from central: https://repo.maven.apache.org/maven2/org/apache/apache/26/apache-26.pom
[INFO] Downloaded from central: https://repo.maven.apache.org/maven2/org/apache/apache/26/apache-26.pom (21 kB at 419 kB/s)
[INFO] Downloading from central: https://repo.maven.apache.org/maven2/org/codehaus/plexus/plexus-utils/4.0.1/plexus-utils-4.0.1.pom
[INFO] Downloaded from central: https://repo.maven.apache.org/maven2/org/codehaus/plexus/plexus-utils/4.0.1/plexus-utils-4.0.1.pom (7.8 kB at 167 kB/s)
[INFO] Downloading from central: https://repo.maven.apache.org/maven2/commons-io/commons-io/2.16.1/commons-io-2.16.1.pom
[INFO] Downloaded from central: https://repo.maven.apache.org/maven2/commons-io/commons-io/2.16.1/commons-io-2.16.1.pom (20 kB at 418 kB/s)
[INFO] Downloading from central: https://repo.maven.apache.org/maven2/org/apache/commons/commons-parent/69/commons-parent-69.pom
[INFO] Downloaded from central: https://repo.maven.apache.org/maven2/org/apache/commons/commons-parent/69/commons-parent-69.pom (77 kB at 1.6 MB/s)
[INFO] Downloading from central: https://repo.maven.apache.org/maven2/org/apache/maven/maven-archiver/3.6.2/maven-archiver-3.6.2.pom
[INFO] Downloaded from central: https://repo.maven.apache.org/maven2/org/apache/maven/maven-archiver/3.6.2/maven-archiver-3.6.2.pom (4.4 kB at 107 kB/s)
[INFO] Downloading from central: https://repo.maven.apache.org/maven2/org/apache/maven/shared/maven-shared-components/41/maven-shared-components-41.pom
[INFO] Downloaded from central: https://repo.maven.apache.org/maven2/org/apache/maven/shared/maven-shared-components/41/maven-shared-components-41.pom (3.2 kB at 81 kB/s)
[INFO] Downloading from central: https://repo.maven.apache.org/maven2/org/codehaus/plexus/plexus-archiver/4.9.2/plexus-archiver-4.9.2.pom
[INFO] Downloaded from central: https://repo.maven.apache.org/maven2/org/codehaus/plexus/plexus-archiver/4.9.2/plexus-archiver-4.9.2.pom (6.0 kB at 139 kB/s)
[INFO] Downloading from central: https://repo.maven.apache.org/maven2/org/codehaus/plexus/plexus-io/3.4.2/plexus-io-3.4.2.pom
[INFO] Downloaded from central: https://repo.maven.apache.org/maven2/org/codehaus/plexus/plexus-io/3.4.2/plexus-io-3.4.2.pom (3.9 kB at 77 kB/s)
[INFO] Downloading from central: https://repo.maven.apache.org/maven2/org/codehaus/plexus/plexus/16/plexus-16.pom
[INFO] Downloaded from central: https://repo.maven.apache.org/maven2/org/codehaus/plexus/plexus/16/plexus-16.pom (28 kB at 628 kB/s)
[INFO] Downloading from central: https://repo.maven.apache.org/maven2/org/apache/commons/commons-compress/1.26.1/commons-compress-1.26.1.pom
[INFO] Downloaded from central: https://repo.maven.apache.org/maven2/org/apache/commons/commons-compress/1.26.1/commons-compress-1.26.1.pom (22 kB at 306 kB/s)
[INFO] Downloading from central: https://repo.maven.apache.org/maven2/org/apache/commons/commons-parent/66/commons-parent-66.pom
[INFO] Downloaded from central: https://repo.maven.apache.org/maven2/org/apache/commons/commons-parent/66/commons-parent-66.pom (77 kB at 1.1 MB/s)
[INFO] Downloading from central: https://repo.maven.apache.org/maven2/commons-codec/commons-codec/1.16.1/commons-codec-1.16.1.pom
[INFO] Downloaded from central: https://repo.maven.apache.org/maven2/commons-codec/commons-codec/1.16.1/commons-codec-1.16.1.pom (16 kB at 290 kB/s)
[INFO] Downloading from central: https://repo.maven.apache.org/maven2/org/apache/commons/commons-lang3/3.14.0/commons-lang3-3.14.0.pom
[INFO] Downloaded from central: https://repo.maven.apache.org/maven2/org/apache/commons/commons-lang3/3.14.0/commons-lang3-3.14.0.pom (31 kB at 468 kB/s)
[INFO] Downloading from central: https://repo.maven.apache.org/maven2/org/apache/commons/commons-parent/64/commons-parent-64.pom
[INFO] Downloaded from central: https://repo.maven.apache.org/maven2/org/apache/commons/commons-parent/64/commons-parent-64.pom (78 kB at 1.3 MB/s)
[INFO] Downloading from central: https://repo.maven.apache.org/maven2/org/apache/apache/30/apache-30.pom
[INFO] Downloaded from central: https://repo.maven.apache.org/maven2/org/apache/apache/30/apache-30.pom (23 kB at 337 kB/s)
[INFO] Downloading from central: https://repo.maven.apache.org/maven2/org/iq80/snappy/snappy/0.4/snappy-0.4.pom
[INFO] Downloaded from central: https://repo.maven.apache.org/maven2/org/iq80/snappy/snappy/0.4/snappy-0.4.pom (15 kB at 184 kB/s)
[INFO] Downloading from central: https://repo.maven.apache.org/maven2/org/tukaani/xz/1.9/xz-1.9.pom
[INFO] Downloaded from central: https://repo.maven.apache.org/maven2/org/tukaani/xz/1.9/xz-1.9.pom (2.0 kB at 41 kB/s)
[INFO] Downloading from central: https://repo.maven.apache.org/maven2/com/github/luben/zstd-jni/1.5.5-11/zstd-jni-1.5.5-11.pom
[INFO] Downloaded from central: https://repo.maven.apache.org/maven2/com/github/luben/zstd-jni/1.5.5-11/zstd-jni-1.5.5-11.pom (2.0 kB at 34 kB/s)
[INFO] Downloading from central: https://repo.maven.apache.org/maven2/org/codehaus/plexus/plexus-interpolation/1.27/plexus-interpolation-1.27.pom
[INFO] Downloaded from central: https://repo.maven.apache.org/maven2/org/codehaus/plexus/plexus-interpolation/1.27/plexus-interpolation-1.27.pom (3.0 kB at 64 kB/s)
[INFO] Downloading from central: https://repo.maven.apache.org/maven2/org/apache/maven/shared/file-management/3.1.0/file-management-3.1.0.jar
[INFO] Downloaded from central: https://repo.maven.apache.org/maven2/org/apache/maven/shared/file-management/3.1.0/file-management-3.1.0.jar (36 kB at 807 kB/s)
[INFO] Downloading from central: https://repo.maven.apache.org/maven2/commons-io/commons-io/2.16.1/commons-io-2.16.1.jar
[INFO] Downloading from central: https://repo.maven.apache.org/maven2/org/apache/maven/maven-archiver/3.6.2/maven-archiver-3.6.2.jar
[INFO] Downloading from central: https://repo.maven.apache.org/maven2/org/codehaus/plexus/plexus-utils/4.0.1/plexus-utils-4.0.1.jar
[INFO] Downloading from central: https://repo.maven.apache.org/maven2/org/codehaus/plexus/plexus-interpolation/1.27/plexus-interpolation-1.27.jar
[INFO] Downloading from central: https://repo.maven.apache.org/maven2/org/codehaus/plexus/plexus-archiver/4.9.2/plexus-archiver-4.9.2.jar
[INFO] Downloaded from central: https://repo.maven.apache.org/maven2/org/codehaus/plexus/plexus-interpolation/1.27/plexus-interpolation-1.27.jar (86 kB at 2.3 MB/s)
[INFO] Downloading from central: https://repo.maven.apache.org/maven2/org/codehaus/plexus/plexus-io/3.4.2/plexus-io-3.4.2.jar
[INFO] Downloaded from central: https://repo.maven.apache.org/maven2/org/codehaus/plexus/plexus-archiver/4.9.2/plexus-archiver-4.9.2.jar (225 kB at 5.6 MB/s)
[INFO] Downloading from central: https://repo.maven.apache.org/maven2/org/apache/commons/commons-compress/1.26.1/commons-compress-1.26.1.jar
[INFO] Downloaded from central: https://repo.maven.apache.org/maven2/org/apache/maven/maven-archiver/3.6.2/maven-archiver-3.6.2.jar (27 kB at 670 kB/s)
[INFO] Downloading from central: https://repo.maven.apache.org/maven2/org/apache/commons/commons-lang3/3.14.0/commons-lang3-3.14.0.jar
[INFO] Downloaded from central: https://repo.maven.apache.org/maven2/commons-io/commons-io/2.16.1/commons-io-2.16.1.jar (509 kB at 8.5 MB/s)
[INFO] Downloading from central: https://repo.maven.apache.org/maven2/commons-codec/commons-codec/1.16.1/commons-codec-1.16.1.jar
[INFO] Downloaded from central: https://repo.maven.apache.org/maven2/org/codehaus/plexus/plexus-io/3.4.2/plexus-io-3.4.2.jar (79 kB at 1.2 MB/s)
[INFO] Downloading from central: https://repo.maven.apache.org/maven2/org/iq80/snappy/snappy/0.4/snappy-0.4.jar
[INFO] Downloaded from central: https://repo.maven.apache.org/maven2/org/codehaus/plexus/plexus-utils/4.0.1/plexus-utils-4.0.1.jar (193 kB at 2.2 MB/s)
[INFO] Downloading from central: https://repo.maven.apache.org/maven2/org/tukaani/xz/1.9/xz-1.9.jar
[INFO] Downloaded from central: https://repo.maven.apache.org/maven2/org/apache/commons/commons-lang3/3.14.0/commons-lang3-3.14.0.jar (658 kB at 6.0 MB/s)
[INFO] Downloading from central: https://repo.maven.apache.org/maven2/com/github/luben/zstd-jni/1.5.5-11/zstd-jni-1.5.5-11.jar
[INFO] Downloaded from central: https://repo.maven.apache.org/maven2/org/apache/commons/commons-compress/1.26.1/commons-compress-1.26.1.jar (1.1 MB at 9.2 MB/s)
[INFO] Downloaded from central: https://repo.maven.apache.org/maven2/org/iq80/snappy/snappy/0.4/snappy-0.4.jar (58 kB at 376 kB/s)
[INFO] Downloaded from central: https://repo.maven.apache.org/maven2/commons-codec/commons-codec/1.16.1/commons-codec-1.16.1.jar (365 kB at 2.1 MB/s)
[INFO] Downloaded from central: https://repo.maven.apache.org/maven2/org/tukaani/xz/1.9/xz-1.9.jar (116 kB at 601 kB/s)
[INFO] Downloaded from central: https://repo.maven.apache.org/maven2/com/github/luben/zstd-jni/1.5.5-11/zstd-jni-1.5.5-11.jar (6.8 MB at 17 MB/s)
[INFO] Building jar: <analyser-checkout>/.local-evidence/coldstart-v2-2026-09-20/preflight-supported/working/preview-preflight/target/preview-preflight-1.0.0-SNAPSHOT.jar
[INFO]
[INFO] --- shade:3.6.0:shade (default) @ preview-preflight ---
[INFO] Downloading from central: https://repo.maven.apache.org/maven2/org/ow2/asm/asm/9.7/asm-9.7.pom
[INFO] Downloaded from central: https://repo.maven.apache.org/maven2/org/ow2/asm/asm/9.7/asm-9.7.pom (2.4 kB at 46 kB/s)
[INFO] Downloading from central: https://repo.maven.apache.org/maven2/org/ow2/asm/asm-commons/9.7/asm-commons-9.7.pom
[INFO] Downloaded from central: https://repo.maven.apache.org/maven2/org/ow2/asm/asm-commons/9.7/asm-commons-9.7.pom (2.8 kB at 80 kB/s)
[INFO] Downloading from central: https://repo.maven.apache.org/maven2/org/ow2/asm/asm-tree/9.7/asm-tree-9.7.pom
[INFO] Downloaded from central: https://repo.maven.apache.org/maven2/org/ow2/asm/asm-tree/9.7/asm-tree-9.7.pom (2.6 kB at 55 kB/s)
[INFO] Downloading from central: https://repo.maven.apache.org/maven2/org/jdom/jdom2/2.0.6.1/jdom2-2.0.6.1.pom
[INFO] Downloaded from central: https://repo.maven.apache.org/maven2/org/jdom/jdom2/2.0.6.1/jdom2-2.0.6.1.pom (4.6 kB at 135 kB/s)
[INFO] Downloading from central: https://repo.maven.apache.org/maven2/org/apache/commons/commons-compress/1.26.2/commons-compress-1.26.2.pom
[INFO] Downloaded from central: https://repo.maven.apache.org/maven2/org/apache/commons/commons-compress/1.26.2/commons-compress-1.26.2.pom (23 kB at 510 kB/s)
[INFO] Downloading from central: https://repo.maven.apache.org/maven2/commons-codec/commons-codec/1.17.0/commons-codec-1.17.0.pom
[INFO] Downloaded from central: https://repo.maven.apache.org/maven2/commons-codec/commons-codec/1.17.0/commons-codec-1.17.0.pom (18 kB at 350 kB/s)
[INFO] Downloading from central: https://repo.maven.apache.org/maven2/org/vafer/jdependency/2.10/jdependency-2.10.pom
[INFO] Downloaded from central: https://repo.maven.apache.org/maven2/org/vafer/jdependency/2.10/jdependency-2.10.pom (14 kB at 305 kB/s)
[INFO] Downloading from central: https://repo.maven.apache.org/maven2/org/ow2/asm/asm/9.7/asm-9.7.jar
[INFO] Downloaded from central: https://repo.maven.apache.org/maven2/org/ow2/asm/asm/9.7/asm-9.7.jar (125 kB at 3.1 MB/s)
[INFO] Downloading from central: https://repo.maven.apache.org/maven2/org/ow2/asm/asm-commons/9.7/asm-commons-9.7.jar
[INFO] Downloading from central: https://repo.maven.apache.org/maven2/org/ow2/asm/asm-tree/9.7/asm-tree-9.7.jar
[INFO] Downloading from central: https://repo.maven.apache.org/maven2/commons-codec/commons-codec/1.17.0/commons-codec-1.17.0.jar
[INFO] Downloading from central: https://repo.maven.apache.org/maven2/org/apache/commons/commons-compress/1.26.2/commons-compress-1.26.2.jar
[INFO] Downloading from central: https://repo.maven.apache.org/maven2/org/jdom/jdom2/2.0.6.1/jdom2-2.0.6.1.jar
[INFO] Downloaded from central: https://repo.maven.apache.org/maven2/org/jdom/jdom2/2.0.6.1/jdom2-2.0.6.1.jar (328 kB at 8.4 MB/s)
[INFO] Downloading from central: https://repo.maven.apache.org/maven2/org/vafer/jdependency/2.10/jdependency-2.10.jar
[INFO] Downloaded from central: https://repo.maven.apache.org/maven2/org/ow2/asm/asm-commons/9.7/asm-commons-9.7.jar (73 kB at 1.5 MB/s)
[INFO] Downloaded from central: https://repo.maven.apache.org/maven2/org/ow2/asm/asm-tree/9.7/asm-tree-9.7.jar (52 kB at 1.0 MB/s)
[INFO] Downloaded from central: https://repo.maven.apache.org/maven2/commons-codec/commons-codec/1.17.0/commons-codec-1.17.0.jar (373 kB at 6.7 MB/s)
[INFO] Downloaded from central: https://repo.maven.apache.org/maven2/org/vafer/jdependency/2.10/jdependency-2.10.jar (416 kB at 4.2 MB/s)
[INFO] Downloaded from central: https://repo.maven.apache.org/maven2/org/apache/commons/commons-compress/1.26.2/commons-compress-1.26.2.jar (1.1 MB at 10 MB/s)
[INFO] Including com.telamin:mongoose:jar:1.0.29 in the shaded jar.
[INFO] Including com.telamin.fluxtion:fluxtion-runtime:jar:1.0.16 in the shaded jar.
[INFO] Including org.agrona:agrona:jar:2.3.0 in the shaded jar.
[INFO] Including org.yaml:snakeyaml:jar:2.5 in the shaded jar.
[INFO] Including org.hdrhistogram:HdrHistogram:jar:2.2.2 in the shaded jar.
[INFO] Including net.openhft:chronicle-queue:jar:5.27ea0 in the shaded jar.
[INFO] Including net.openhft:chronicle-core:jar:2.27ea0 in the shaded jar.
[INFO] Including net.openhft:posix:jar:2.27ea0 in the shaded jar.
[INFO] Including net.java.dev.jna:jna:jar:5.8.0 in the shaded jar.
[INFO] Including net.java.dev.jna:jna-platform:jar:5.8.0 in the shaded jar.
[INFO] Including com.github.jnr:jnr-ffi:jar:2.2.15 in the shaded jar.
[INFO] Including com.github.jnr:jffi:jar:1.3.12 in the shaded jar.
[INFO] Including com.github.jnr:jffi:jar:native:1.3.12 in the shaded jar.
[INFO] Including org.ow2.asm:asm:jar:9.2 in the shaded jar.
[INFO] Including com.github.jnr:jnr-a64asm:jar:1.0.0 in the shaded jar.
[INFO] Including com.github.jnr:jnr-x86asm:jar:1.0.2 in the shaded jar.
[INFO] Including com.github.jnr:jnr-constants:jar:0.10.4 in the shaded jar.
[INFO] Including net.openhft:chronicle-analytics:jar:2.27ea0 in the shaded jar.
[INFO] Including net.openhft:chronicle-bytes:jar:2.27ea0 in the shaded jar.
[INFO] Including net.openhft:chronicle-wire:jar:2.27ea0 in the shaded jar.
[INFO] Including net.openhft:compiler:jar:2.27ea0 in the shaded jar.
[INFO] Including net.openhft:chronicle-threads:jar:2.27ea0 in the shaded jar.
[INFO] Including net.openhft:affinity:jar:3.27ea0 in the shaded jar.
[INFO] Including commons-cli:commons-cli:jar:1.5.0 in the shaded jar.
[INFO] Including com.telamin:svc-admin-web:jar:1.0.43 in the shaded jar.
[INFO] Including io.javalin:javalin:jar:6.3.0 in the shaded jar.
[INFO] Including org.eclipse.jetty:jetty-server:jar:11.0.23 in the shaded jar.
[INFO] Including org.eclipse.jetty:jetty-http:jar:11.0.23 in the shaded jar.
[INFO] Including org.eclipse.jetty:jetty-util:jar:11.0.23 in the shaded jar.
[INFO] Including org.eclipse.jetty:jetty-io:jar:11.0.23 in the shaded jar.
[INFO] Including org.eclipse.jetty.toolchain:jetty-jakarta-servlet-api:jar:5.0.2 in the shaded jar.
[INFO] Including org.eclipse.jetty.websocket:websocket-jetty-server:jar:11.0.23 in the shaded jar.
[INFO] Including org.eclipse.jetty:jetty-servlet:jar:11.0.23 in the shaded jar.
[INFO] Including org.eclipse.jetty:jetty-security:jar:11.0.23 in the shaded jar.
[INFO] Including org.eclipse.jetty:jetty-webapp:jar:11.0.23 in the shaded jar.
[INFO] Including org.eclipse.jetty:jetty-xml:jar:11.0.23 in the shaded jar.
[INFO] Including org.eclipse.jetty.websocket:websocket-jetty-api:jar:11.0.23 in the shaded jar.
[INFO] Including org.eclipse.jetty.websocket:websocket-jetty-common:jar:11.0.23 in the shaded jar.
[INFO] Including org.eclipse.jetty.websocket:websocket-core-common:jar:11.0.23 in the shaded jar.
[INFO] Including org.eclipse.jetty.websocket:websocket-servlet:jar:11.0.23 in the shaded jar.
[INFO] Including org.eclipse.jetty.websocket:websocket-core-server:jar:11.0.23 in the shaded jar.
[INFO] Including org.jetbrains.kotlin:kotlin-stdlib-jdk8:jar:1.9.25 in the shaded jar.
[INFO] Including org.jetbrains.kotlin:kotlin-stdlib:jar:1.9.25 in the shaded jar.
[INFO] Including org.jetbrains:annotations:jar:13.0 in the shaded jar.
[INFO] Including org.jetbrains.kotlin:kotlin-stdlib-jdk7:jar:1.9.25 in the shaded jar.
[INFO] Including com.fasterxml.jackson.core:jackson-databind:jar:2.18.3 in the shaded jar.
[INFO] Including com.fasterxml.jackson.core:jackson-annotations:jar:2.18.3 in the shaded jar.
[INFO] Including com.fasterxml.jackson.core:jackson-core:jar:2.18.3 in the shaded jar.
[INFO] Including org.apache.logging.log4j:log4j-api:jar:2.24.3 in the shaded jar.
[INFO] Including org.apache.logging.log4j:log4j-core:jar:2.24.3 in the shaded jar.
[INFO] Including org.apache.logging.log4j:log4j-jul:jar:2.24.3 in the shaded jar.
[INFO] Including org.slf4j:slf4j-api:jar:2.0.17 in the shaded jar.
[INFO] Including org.slf4j:slf4j-simple:jar:2.0.16 in the shaded jar.
[WARNING] Discovered module-info.class. Shading will break its strong encapsulation.
[WARNING] Discovered module-info.class. Shading will break its strong encapsulation.
[WARNING] Discovered module-info.class. Shading will break its strong encapsulation.
[WARNING] Discovered module-info.class. Shading will break its strong encapsulation.
[WARNING] Discovered module-info.class. Shading will break its strong encapsulation.
[WARNING] Discovered module-info.class. Shading will break its strong encapsulation.
[WARNING] Discovered module-info.class. Shading will break its strong encapsulation.
[WARNING] Discovered module-info.class. Shading will break its strong encapsulation.
[WARNING] Discovered module-info.class. Shading will break its strong encapsulation.
[WARNING] Discovered module-info.class. Shading will break its strong encapsulation.
[WARNING] Discovered module-info.class. Shading will break its strong encapsulation.
[WARNING] Discovered module-info.class. Shading will break its strong encapsulation.
[WARNING] Discovered module-info.class. Shading will break its strong encapsulation.
[WARNING] Discovered module-info.class. Shading will break its strong encapsulation.
[WARNING] Discovered module-info.class. Shading will break its strong encapsulation.
[WARNING] Discovered module-info.class. Shading will break its strong encapsulation.
[WARNING] Discovered module-info.class. Shading will break its strong encapsulation.
[WARNING] Discovered module-info.class. Shading will break its strong encapsulation.
[WARNING] Discovered module-info.class. Shading will break its strong encapsulation.
[WARNING] Discovered module-info.class. Shading will break its strong encapsulation.
[WARNING] Discovered module-info.class. Shading will break its strong encapsulation.
[WARNING] HdrHistogram-2.2.2.jar, affinity-3.27ea0.jar, agrona-2.3.0.jar, annotations-13.0.jar, asm-9.2.jar, chronicle-analytics-2.27ea0.jar, chronicle-bytes-2.27ea0.jar, chronicle-core-2.27ea0.jar, chronicle-queue-5.27ea0.jar, chronicle-threads-2.27ea0.jar, chronicle-wire-2.27ea0.jar, commons-cli-1.5.0.jar, compiler-2.27ea0.jar, fluxtion-runtime-1.0.16.jar, jackson-annotations-2.18.3.jar, jackson-core-2.18.3.jar, jackson-databind-2.18.3.jar, javalin-6.3.0.jar, jetty-http-11.0.23.jar, jetty-io-11.0.23.jar, jetty-jakarta-servlet-api-5.0.2.jar, jetty-security-11.0.23.jar, jetty-server-11.0.23.jar, jetty-servlet-11.0.23.jar, jetty-util-11.0.23.jar, jetty-webapp-11.0.23.jar, jetty-xml-11.0.23.jar, jffi-1.3.12-native.jar, jffi-1.3.12.jar, jna-5.8.0.jar, jna-platform-5.8.0.jar, jnr-a64asm-1.0.0.jar, jnr-constants-0.10.4.jar, jnr-ffi-2.2.15.jar, jnr-x86asm-1.0.2.jar, kotlin-stdlib-1.9.25.jar, kotlin-stdlib-jdk7-1.9.25.jar, kotlin-stdlib-jdk8-1.9.25.jar, log4j-api-2.24.3.jar, log4j-core-2.24.3.jar, log4j-jul-2.24.3.jar, mongoose-1.0.29.jar, posix-2.27ea0.jar, preview-preflight-1.0.0-SNAPSHOT.jar, slf4j-api-2.0.17.jar, slf4j-simple-2.0.16.jar, snakeyaml-2.5.jar, svc-admin-web-1.0.43.jar, websocket-core-common-11.0.23.jar, websocket-core-server-11.0.23.jar, websocket-jetty-api-11.0.23.jar, websocket-jetty-common-11.0.23.jar, websocket-jetty-server-11.0.23.jar, websocket-servlet-11.0.23.jar define 1 overlapping resource:
[WARNING]   - META-INF/MANIFEST.MF
[WARNING] jackson-annotations-2.18.3.jar, jackson-core-2.18.3.jar, jackson-databind-2.18.3.jar, javalin-6.3.0.jar, jetty-http-11.0.23.jar, jetty-io-11.0.23.jar, jetty-security-11.0.23.jar, jetty-server-11.0.23.jar, jetty-servlet-11.0.23.jar, jetty-util-11.0.23.jar, jetty-webapp-11.0.23.jar, jetty-xml-11.0.23.jar, jna-5.8.0.jar, jna-platform-5.8.0.jar, log4j-api-2.24.3.jar, log4j-core-2.24.3.jar, log4j-jul-2.24.3.jar, websocket-core-common-11.0.23.jar, websocket-core-server-11.0.23.jar, websocket-jetty-api-11.0.23.jar, websocket-jetty-common-11.0.23.jar, websocket-jetty-server-11.0.23.jar, websocket-servlet-11.0.23.jar define 1 overlapping resource:
[WARNING]   - META-INF/LICENSE
[WARNING] jna-5.8.0.jar, jna-platform-5.8.0.jar define 2 overlapping resources:
[WARNING]   - META-INF/AL2.0
[WARNING]   - META-INF/LGPL2.1
[WARNING] HdrHistogram-2.2.2.jar, commons-cli-1.5.0.jar, slf4j-api-2.0.17.jar, slf4j-simple-2.0.16.jar define 1 overlapping resource:
[WARNING]   - META-INF/LICENSE.txt
[WARNING] fluxtion-runtime-1.0.16.jar, mongoose-1.0.29.jar define 1 overlapping resource:
[WARNING]   - META-INF/LICENSE-mongoose
[WARNING] commons-cli-1.5.0.jar, jetty-http-11.0.23.jar, jetty-io-11.0.23.jar, jetty-security-11.0.23.jar, jetty-server-11.0.23.jar, jetty-servlet-11.0.23.jar, jetty-util-11.0.23.jar, jetty-webapp-11.0.23.jar, jetty-xml-11.0.23.jar, websocket-core-common-11.0.23.jar, websocket-core-server-11.0.23.jar, websocket-jetty-api-11.0.23.jar, websocket-jetty-common-11.0.23.jar, websocket-jetty-server-11.0.23.jar, websocket-servlet-11.0.23.jar define 1 overlapping resource:
[WARNING]   - META-INF/NOTICE.txt
[WARNING] log4j-api-2.24.3.jar, log4j-core-2.24.3.jar, log4j-jul-2.24.3.jar define 1 overlapping resource:
[WARNING]   - META-INF/DEPENDENCIES
[WARNING] jackson-annotations-2.18.3.jar, jackson-core-2.18.3.jar, jackson-databind-2.18.3.jar, log4j-api-2.24.3.jar, log4j-core-2.24.3.jar, log4j-jul-2.24.3.jar define 1 overlapping resource:
[WARNING]   - META-INF/NOTICE
[WARNING] jackson-core-2.18.3.jar, jackson-databind-2.18.3.jar, kotlin-stdlib-1.9.25.jar, kotlin-stdlib-jdk7-1.9.25.jar, kotlin-stdlib-jdk8-1.9.25.jar, slf4j-api-2.0.17.jar, slf4j-simple-2.0.16.jar, snakeyaml-2.5.jar define 1 overlapping classes:
[WARNING]   - META-INF.versions.9.module-info
[WARNING] maven-shade-plugin has detected that some files are
[WARNING] present in two or more JARs. When this happens, only one
[WARNING] single version of the file is copied to the uber jar.
[WARNING] Usually this is not harmful and you can skip these warnings,
[WARNING] otherwise try to manually exclude artifacts based on
[WARNING] mvn dependency:tree -Ddetail=true and the above output.
[WARNING] See https://maven.apache.org/plugins/maven-shade-plugin/
[INFO] Replacing original artifact with shaded artifact.
[INFO] Replacing <analyser-checkout>/.local-evidence/coldstart-v2-2026-09-20/preflight-supported/working/preview-preflight/target/preview-preflight-1.0.0-SNAPSHOT.jar with <analyser-checkout>/.local-evidence/coldstart-v2-2026-09-20/preflight-supported/working/preview-preflight/target/preview-preflight-1.0.0-SNAPSHOT-shaded.jar
[INFO] ------------------------------------------------------------------------
[INFO] BUILD SUCCESS
[INFO] ------------------------------------------------------------------------
[INFO] Total time:  34.841 s
[INFO] Finished at: 2026-09-20T21:14:02+01:00
[INFO] ------------------------------------------------------------------------
